Name,Goals
Aaron Connolly ,5
Aaron Cresswell ,4
Aaron Lennon ,1
Aaron Mooy ,9
Aaron O'Driscoll ,0
Aaron Ramsdale ,0
Aaron Ramsey ,12
Aaron Rowe ,0
Aaron Tshibola ,0
Aaron Wan-Bissaka ,2
Abdelhamid Sabiri ,0
Abdoulaye Doucouré ,19
Abdul Rahman Baba ,0
Abel Hernández ,4
Aboubakar Kamara ,3
Achraf Lazaar ,0
Adalberto Peñaranda ,0
Adam Armstrong ,0
Adam Bogdan ,0
Adam Clayton ,0
Adam Federici ,0
Adam Forshaw ,0
Adam Idah ,0
Adam Lallana ,10
Adam Leathers ,0
Adam Legzdins ,0
Adam Lewis ,0
Adam Masina ,1
Adam Matthews ,0
Adam Parkes ,0
Adam Reach ,0
Adam Smith ,3
Adam Webster ,4
Adama Diakhaby ,0
Adama Diomande ,2
Adama Traoré ,4
Ademipo Odubeko ,0
Ademola Lookman ,5
Adlène Guédioura ,0
Admiral Muskwe ,0
Adnan Januzaj ,0
Adnan Maric ,0
Adrian Mariappa ,0
Adrien Silva ,0
Adrián ,0
Adrián Bernabé ,0
Ahmed El Mohamady ,1
Ahmed Hegazi ,2
Ahmed Musa ,2
Aiden McGeady ,0
Aiden O'Neill ,0
Ainsley Maitland-Niles ,1
Ajibola Alese ,0
Akin Famewo ,0
Akos Onodi ,0
Alan Hutton ,0
Albert Adomah ,0
Alberto Moreno ,0
Alberto Paloschi ,0
Albian Ajeti ,0
Aleix García ,0
Aleksandar Dragovic ,0
Aleksandar Kolarov ,1
Aleksandar Mitrovic ,15
Ales Mateju ,0
Alex Baptiste ,0
Alex Bruce ,0
Alex Cochrane ,0
Alex Denny ,0
Alex Iwobi ,11
Alex McCarthy ,0
Alex Oxlade-Chamberlain ,10
Alex Pike ,0
Alex Pritchard ,4
Alex Smithies ,0
Alex Telles ,0
Alexander Manninger ,0
Alexander Sørloth ,0
Alexander Tettey ,1
Alexandre Jankewitz ,0
Alexandre Lacazette ,50
Alexandre Song ,0
Alexis Mac Allister ,1
Alexis Sánchez ,33
Alfie Devine ,0
Alfie Mawson ,6
Alfie McCalmont ,0
Alfie Payne ,0
Alfie Whiteman ,0
Alfred N'Diaye ,1
Ali Gabr ,0
Ali Koiki ,0
Alireza Jahanbakhsh ,2
Alisson ,1
Allan ,0
Allan McGregor ,0
Allan Saint-Maximin ,6
Allan Tchaptchet ,0
Allan-Roméo Nyom ,0
Almen Abdi ,0
Alpha Richard Dionkou ,0
Alphonse Areola ,0
Amad Diallo ,0
Ander Herrera ,3
Anders Lindegaard ,0
Andi Janjeva ,0
Andi Zeqiri ,0
Andre Gray ,9
Andre Green ,0
Andre Olukanmi ,0
Andre Wisdom ,0
Andrea Ranocchia ,2
Andreas Christensen ,0
Andreas Pereira ,2
Andreas Söndergaard ,0
Andrew Crofts ,0
Andrew Eleftheriou ,0
Andrew Robertson ,5
Andrew Surman ,2
Andriy Yarmolenko ,7
Andros Townsend ,13
André Gomes ,1
André Schürrle ,6
André-Frank Zambo Anguissa ,0
Andy Carroll ,1
Andy Lonergan ,0
Angel Gomes ,0
Angel Rangel ,1
Angeliño ,0
Angelo Ogbonna ,7
Angus Gunn ,0
Anthony Driscoll-Glennon ,0
Anthony Elanga ,1
Anthony Georgiou ,0
Anthony Gordon ,0
Anthony Knockaert ,5
Anthony Mancini ,0
Anthony Martial ,44
Anthony Pilkington ,0
Anton Walkes ,0
Antonee Robinson ,0
Antonio Barragán ,0
Antonio Barreca ,0
Antonio Rüdiger ,6
Antwoine Hackford ,0
Anwar El Ghazi ,14
Archie Davies ,0
Archie Mair ,0
Arijanet Muric ,0
Arjan Raikhy ,0
Armand Traore ,0
Armando Broja ,0
Arnau Puigmal ,0
Arnaut Danjuma Groeneveld ,0
Aron Gunnarsson ,1
Arouna Koné ,0
Arthur Masuaku ,0
Arthur Okonkwo ,0
Artur Boruc ,0
Ashley Barnes ,36
Ashley Westwood ,7
Ashley Williams ,2
Ashley Young ,4
Asmir Begovic ,0
Aston Oxborough ,0
Austin Samuels ,0
Axel Tuanzebe ,0
Aymeric Laporte ,4
Ayoze Pérez ,10
Bacary Sagna ,0
Badou Ndiaye ,2
Bafétimbi Gomis ,0
Bailey Peacock-Farrell ,0
Baily Cargill ,0
Bakary Sako ,3
Barry Douglas ,0
Bartosz Kapustka ,0
Bastian Schweinsteiger ,0
Bayli Spencer-Adams ,0
Ben Barclay ,0
Ben Chilwell ,7
Ben Cottrell ,0
Ben Foster ,0
Ben Gibson ,1
Ben Godfrey ,0
Ben Hamer ,0
Ben Heneghan ,0
Ben Hinchcliffe ,0
Ben Marshall ,0
Ben Mee ,4
Ben Osborn ,1
Ben Sheaf ,0
Ben Stevenson ,0
Ben Watson ,0
Ben White ,0
Ben Whitfield ,0
Ben Wilmot ,0
Ben Winterbottom ,0
Ben Woodburn ,0
Ben Wynter ,0
Beni Baningime ,0
Benik Afobe ,6
Benjamin Chrisene ,0
Benjamín Garré ,0
Benny Ashley-Seal ,0
Beram Kayal ,1
Bernard ,5
Bernardo ,0
Bernardo Espinosa ,0
Bernardo Rosa ,0
Bernardo Silva ,21
Bernd Leno ,0
Bersant Celina ,0
Bertrand Traoré ,7
Billy Arce ,0
Billy Gilmour ,0
Billy Koumetio ,0
Billy O'Brien ,0
Billy Sharp ,6
Birkir Bjarnason ,0
Björn Engels ,1
Boaz Myhill ,0
Bobby De Cordova-Reid ,10
Bobby Duncan ,0
Bobby Thomas ,0
Bojan ,3
Bojan Radulovic Samoukovic ,0
Borja Bastón ,1
Brad Guzan ,0
Brad Jackson ,0
Brad Smith ,0
Brad Young ,0
Bradley Collins ,0
Brahim Díaz ,0
Brandon Austin ,0
Brandon Barker ,0
Brandon Cooper ,0
Brandon Fleming ,0
Brandon Goodship ,0
Brandon Mason ,0
Brandon Pierrick ,0
Brandon Williams ,0
Branislav Ivanovic ,0
Brede Hangeland ,0
Brendan Galloway ,0
Brennan Camp ,0
Brian Lenihan ,0
Brian Murphy ,0
Brice Dja Djédjé ,0
Bright Enobakhare ,0
Brooklyn Genesini ,0
Brooklyn Lyons-Foster ,0
Bruno ,0
Bruno Ecuele Manga ,0
Bruno Fernandes ,26
Bruno Jordão ,0
Bruno Martins Indi ,1
Bruno Zuculini ,0
Bryan Oviedo ,0
Bryce Hosannah ,0
Bukayo Saka ,6
Calaum Jahraldo-Martin ,0
Caleb Watts ,0
Callum Buckley ,0
Callum Connolly ,0
Callum Elder ,0
Callum Hudson-Odoi ,3
Callum McManaman ,0
Callum O'Hare ,0
Callum Paterson ,4
Callum Robinson ,1
Callum Rowe ,0
Callum Slattery ,0
Callum Wilson ,28
Callum Wright ,0
Calum Chambers ,5
Calvin Bassey ,0
Cameron Archer ,0
Cameron Borthwick-Jackson ,0
Cameron Brannagan ,0
Cameron Carter-Vickers ,0
Cameron Coxe ,0
Cameron Dummigan ,0
Cameron Humphreys-Grant ,0
Cameron John ,0
Caoimhin Kelleher ,0
Caolan Lavery ,0
Carl Ikeme ,0
Carl Jenkinson ,0
Carl Stewart ,0
Carlos Vinícius ,1
Carlos de Pena ,0
Carlton Morris ,0
Carney Chukwuemeka ,0
Cauley Woodrow ,0
Cengiz Ünder ,0
Cenk Tosun ,10
Cesc Fàbregas ,7
Chancel Mbemba ,0
Charalampos Mavrias ,0
Charlie Adam ,1
Charlie Austin ,15
Charlie Colkett ,0
Charlie Cresswell ,0
Charlie Daniels ,6
Charlie Gilmour ,0
Charlie Rowan ,0
Charly Musonda ,0
Che Adams ,13
Cheikh Diaby ,0
Cheikhou Kouyaté ,5
Chem Campbell ,0
Chicharito ,16
Chris Basham ,0
Chris Brunt ,3
Chris Löwe ,0
Chris Mepham ,1
Chris Smalling ,6
Chris Willock ,0
Chris Wood ,46
Christian Atsu ,3
Christian Benteke ,31
Christian Eriksen ,28
Christian Fuchs ,2
Christian Kabasele ,4
Christian Marques ,0
Christian Pulisic ,13
Christian Saydee ,0
Christian Walton ,0
Christoph Klarer ,0
Christoph Zimmermann ,0
Christopher Schindler ,1
Chuba Akpom ,0
Ciaran Clark ,6
Ciaron Brown ,0
Claudio Bravo ,0
Claudio Gomes ,0
Claudio Yacob ,0
Clinton N'Jie ,0
Cody Drameh ,0
Cohen Bramall ,0
Cole Palmer ,0
Collin Quaner ,0
Connor Barrett ,0
Connor Goldson ,0
Connor Mahoney ,0
Connor Randall ,0
Connor Ripley ,0
Connor Ronan ,0
Connor Wickham ,3
Conor Coady ,1
Conor Coventry ,0
Conor Gallagher ,2
Conor Hourihane ,4
Conor Masterson ,0
Conor McAleny ,0
Conor Shaughnessy ,0
Conor Washington ,0
Corey Jordan ,0
Costel Pantilimon ,0
Courtney Baker-Richardson ,0
Courtney Duffus ,0
Craig Bryson ,0
Craig Cathcart ,3
Craig Dawson ,7
Craig Gardner ,0
Cristhian Stuani ,4
Cristian Gamboa ,0
Cristián Cuevas ,0
Crysencio Summerville ,0
Cuco Martina ,0
Curtis Good ,0
Curtis Jones ,2
Cyrus Christie ,0
Cédric Kipré ,0
Cédric Soares ,2
César Azpilicueta ,7
D'Mani Mellor ,0
Dael Fry ,0
Dale Stephens ,1
Daley Blind ,1
Damien Delaney ,0
Damiá ,0
Dan Burn ,1
Dan Gosling ,9
Dane Scarlett ,0
Dani Ceballos ,0
Daniel Adshead ,0
Daniel Agyei ,0
Daniel Amartey ,2
Daniel Arzani ,0
Daniel Atherton ,0
Daniel Ayala ,1
Daniel Bachmann ,0
Daniel Barlaser ,0
Daniel Batty ,0
Daniel Cleary ,0
Daniel Drinkwater ,2
Daniel Grimshaw ,0
Daniel Gyollai ,0
Daniel Iversen ,0
Daniel Jarvis ,0
Daniel Jebbison ,1
Daniel Kemp ,0
Daniel Lafferty ,0
Daniel Langley ,0
Daniel N'Lundulu ,0
Daniel Oyegoke ,0
Daniel Podence ,4
Daniel Sturridge ,7
Danijel Nizic ,0
Danilo ,4
Danny Ballard ,0
Danny Batth ,0
Danny Drinkwater ,0
Danny Graham ,0
Danny Ings ,42
Danny Rose ,2
Danny Welbeck ,16
Dara O'Shea ,0
Darnell Furlong ,1
Darnell Johnson ,0
Darren Fletcher ,1
Darren Randolph ,0
Darron Gibson ,0
Daryl Janmaat ,5
David Brooks ,8
David Button ,0
David Faupala ,0
David Henen ,0
David Jones ,0
David Junior Hoilett ,3
David Luiz ,8
David Marshall ,0
David Martin ,0
David McGoldrick ,10
David Meyler ,1
David Nugent ,0
David Ospina ,0
David Parkhouse ,0
David Silva ,25
David de Gea ,0
Davide Zappacosta ,1
Davy Klaassen ,0
Davy Pröpper ,2
DeAndre Yedlin ,2
Dean Hammond ,0
Dean Marney ,4
Dean Whitehead ,0
Declan John ,0
Declan Rice ,5
Dejan Iliev ,0
Dejan Lovren ,5
Dele Alli ,40
Demarai Gray ,9
Demeaco Duhaney ,0
Demetri Mitchell ,0
Denis Odoi ,0
Denis Suárez ,0
Dennis Adeniran ,0
Dennis Cirkin ,0
Dennis Praet ,2
Dennis Srbeny ,1
Des Hutchinson ,0
Didier Ndong ,1
Diego Cavalieri ,0
Diego Costa ,20
Diego Llorente ,1
Diego Rico ,0
Dieudonne Mbokani Bezua ,0
Dilan Markanday ,0
Dimitri Foulquier ,0
Dimitri Payet ,2
Dimitrios Konstantopoulos ,0
Diogo Dalot ,0
Diogo Jota ,25
Dion Henry ,0
Dion Pereira ,0
Dion Sanderson ,0
Dionatan Teixeira ,0
Divock Origi ,14
Djair Parfitt-Williams ,0
Djibril Sidibé ,0
Dodi Lukébakio ,0
Domingos Quina ,1
Dominic Calvert-Lewin ,40
Dominic Revan ,0
Dominic Solanke ,4
Dominic Telford ,0
Dominic Thompson ,0
Donald Love ,0
Doneil Henry ,0
Donny van de Beek ,1
Donyell Malen ,0
Douglas Luiz ,3
Dujon Sterling ,0
Duncan Watmore ,0
Dusan Kuciak ,0
Dusan Tadic ,9
Dwight Gayle ,11
Dwight McNeil ,7
Dylan Levitt ,0
Dynel Simeu ,0
Eberechi Eze ,4
Eddie Nketiah ,5
Eden Hazard ,44
Ederson ,0
Edimilson Fernandes ,0
Edinson Cavani ,10
Eduardo ,0
Edward Rowe ,0
Eldin Jakupovic ,0
Elia Caprile ,0
Eliaquim Mangala ,0
Elias Kachunga ,1
Elias Sorensen ,0
Elijah Dixon-Bonner ,0
Elliot Anderson ,0
Elliot Embleton ,0
Elliot Watt ,0
Elliott Moore ,0
Ellis Simms ,0
Elvis Manu ,0
Emerson ,0
Emerson Hyndman ,0
Emil Krafth ,1
Emile Smith Rowe ,2
Emiliano Buendía ,1
Emiliano Martínez ,0
Emiliano Sala ,0
Emmanuel Adebayor ,0
Emmanuel Eboué ,0
Emmanuel Emenike ,0
Emmanuel Longelo ,0
Emmanuel Rivière ,0
Emre Can ,8
Enda Stevens ,2
Enner Valencia ,3
Erdal Rakip ,0
Eric Bailly ,1
Eric Dier ,5
Eric García ,0
Eric Maxim Choupo-Moting ,5
Erik Durm ,0
Erik Lamela ,10
Erik Palmer-Brown ,0
Erik Pieters ,0
Erwin Mulder ,0
Essaïd Belkalem ,0
Ethan Ampadu ,0
Ethan Ebanks-Landell ,0
Ethan Fitzhugh ,0
Ethan Galbraith ,0
Ethan Hamilton ,0
Ethan Laird ,0
Ethan Robson ,0
Etienne Capoue ,9
Eunan O'Kane ,0
Evandro ,0
Ezekiel Fryers ,0
Ezequiel Schelotto ,0
Ezgjan Alioski ,2
Ezri Konsa Ngoyo ,3
Fabian Delph ,2
Fabian Schär ,7
Fabinho ,3
Fabio ,0
Fabio Borini ,2
Fabio Carvalho ,1
Fabián Balbuena ,3
Fabri ,0
Facundo Pellistri ,0
Faustino Anjorin ,0
Federico Fazio ,0
Federico Fernández ,3
Felipe Anderson ,10
Felix Nmecha ,0
Felix Passlack ,0
Femi Seriki ,0
Fernandinho ,8
Fernando ,0
Fernando Llorente ,17
Ferran Torres ,7
Fikayo Tomori ,1
Filip Benkovic ,0
Filip Krovinovic ,0
Filip Lesniak ,0
Finn Azaz ,0
Florent Hadergjonaj ,0
Florian Lejeune ,2
Florin Andone ,4
Florin Gardos ,0
Floyd Ayité ,1
Flávio Cristóvão ,0
Folarin Balogun ,0
Fousseni Diabaté ,0
Francis Coquelin ,0
Franck Tabanou ,0
Frankie Ealing ,0
Fraser Forster ,0
Fraser Hornby ,0
Fred ,2
Freddie Ladapo ,0
Freddie Woodman ,0
Frederik Alves ,0
Fredrik Ulvestad ,0
Frédéric Gounongbe ,0
Frédéric Guilbert ,0
Fábio Silva ,4
Gabriel Jesus ,50
Gabriel Magalhães ,2
Gabriel Martinelli ,5
Gabriel Paulista ,0
Gaetano Berardi ,0
Gareth Bale ,11
Gareth Barry ,3
Gareth McAuley ,6
Gary Cahill ,7
Gary Madine ,0
Gastón Ramírez ,2
Gavin Bazunu ,0
Gavin Kilkenny ,0
Gaël Clichy ,1
Gaëtan Bong ,0
Gedion Zelalem ,0
Gedson Fernandes ,0
Geoff Cameron ,0
George Baldock ,2
George Boyd ,2
George Broadbent ,0
George Byers ,0
George Dobson ,0
George Friend ,0
George Glendon ,0
George Harmon ,0
George Hirst ,0
George Honeyman ,0
George Johnston ,0
George Lewis ,0
George Marsh ,0
George McEachran ,0
George Thomas ,0
Georges-Kévin Nkoudou ,0
Georginio Wijnaldum ,16
Gerard Deulofeu ,15
Gerhard Tremmel ,0
Gerónimo Rulli ,0
Giannelli Imbula ,0
Giedrius Arlauskis ,0
Giovani Lo Celso ,1
Giovanni McGregor ,0
Glen Johnson ,0
Glenn Murray ,26
Glenn Whelan ,0
Gonzalo Higuaín ,5
Gonçalo Cardoso ,0
Grady Diangana ,1
Granit Xhaka ,9
Grant Hanley ,0
Grant Leadbitter ,1
Graziano Pellè ,0
Greg Cunningham ,0
Greg Halford ,0
Greg Luer ,0
Greg Olley ,0
Grzegorz Krychowiak ,0
Guido Carrillo ,0
Guillermo Varela ,0
Gylfi Sigurdsson ,34
Gökhan Inler ,0
Gökhan Töre ,0
Hakim Ziyech ,2
Hal Robson-Kanu ,7
Hamza Choudhury ,1
Hannibal Mejbri ,0
Harrison Ashby ,0
Harrison Reed ,0
Harrison Sohna ,0
Harry Arter ,2
Harry Bunn ,0
Harry Burgoyne ,0
Harry Charsley ,0
Harry Kane ,53
Harry Lewis ,0
Harry Maguire ,10
Harry McKirdy ,0
Harry Souttar ,0
Harry Tyrer ,0
Harry Wilson ,0
Harry Winks ,2
Harvey Davies ,0
Harvey Elliott ,0
Harvey Rodgers ,0
Harvey Vale ,0
Hayden Lindley ,0
Haydon Roberts ,0
Henri Lansbury ,0
Henri Saivet ,1
Henrik Bjørdal ,0
Henrikh Mkhitaryan ,13
Henry Lawrence ,0
Henry Onyekuru ,0
Henry Wise ,0
Herbie Kane ,0
Heurelho Gomes ,0
Hiram Boateng ,0
Hugo Bueno ,0
Hugo Lloris ,0
Håvard Nordtveit ,0
Héctor Bellerín ,5
Hélder Costa ,4
Ian Maatsen ,0
Ian Poveda-Ocampo ,0
Ibrahim Afellay ,0
Ibrahim Amadou ,0
Ibrahim Meite ,0
Ibrahima Cissé ,0
Ibrahima Diallo ,0
Idrissa Gueye ,3
Ignacio Pussetto ,0
Ike Ugbo ,0
Ikechi Anya ,0
Iker Pozo ,0
Iliman Ndiaye ,0
Ilkay Gündogan ,28
Illan Meslier ,0
Indiana Vassilev ,0
Isaac Christie-Davies ,0
Isaac Hayden ,2
Isaac Mbenza ,1
Isaac Price ,0
Isaac Success ,2
Isaiah Brown ,0
Islam Slimani ,8
Ismael Bennacer ,0
Ismaila Coulibaly ,0
Ismaila Sarr ,5
Issa Diop ,6
Ivan Cavaleiro ,6
Ivo Pinto ,0
Jack Bearne ,0
Jack Bodenham ,0
Jack Butland ,0
Jack Bycroft ,0
Jack Colback ,0
Jack Cork ,3
Jack Fitzwater ,0
Jack Grealish ,14
Jack Harrison ,8
Jack Jenkins ,0
Jack O'Connell ,0
Jack Payne ,0
Jack Rodwell ,0
Jack Roles ,0
Jack Simpson ,0
Jack Spong ,0
Jack Stacey ,0
Jack Stephens ,0
Jack Wilshere ,1
Jacob Maddox ,0
Jacob Murphy ,2
Jacob Ramsey ,0
Jaden Philogene-Bidace ,0
Jadon Sancho ,0
Jairo Riedewald ,2
Jake Cain ,0
Jake Clarke-Salter ,0
Jake Doyle-Hayes ,0
Jake Eastwood ,0
Jake Flannigan ,0
Jake Hesketh ,0
Jake Livermore ,3
Jake Vokins ,0
Jake Walker ,0
Jakob Haugaard ,0
Jakub Moder ,0
Jakub Ojrzynski ,0
Jakub Stolarczyk ,0
Jamaal Lascelles ,6
Jamal Baptiste ,0
Jamal Blackman ,0
James Bree ,0
James Chester ,0
James Collins ,2
James Daly ,0
James Garner ,0
James Hillson ,0
James Horsfield ,0
James Husband ,0
James Justin ,2
James Maddison ,21
James McArthur ,13
James McCarthy ,0
James McClean ,2
James Milner ,14
James Morrison ,6
James Norris ,0
James Olayinka ,0
James Tarkowski ,6
James Tilley ,0
James Tomkins ,8
James Trafford ,0
James Ward-Prowse ,27
James Weir ,0
Jamie Bowden ,0
Jamie Cumming ,0
Jamie Murphy ,0
Jamie Shackleton ,0
Jamie Soule ,0
Jamie Sterry ,0
Jamie Vardy ,89
Jan Bednarek ,3
Jan Kirchhoff ,0
Jan Mlakar ,0
Jan Paul van Hecke ,0
Jan Vertonghen ,2
Jannik Vestergaard ,4
Japhet Tanganga ,0
Jared Thompson ,0
Jaroslaw Jach ,0
Jarrad Branthwaite ,0
Jarrod Bowen ,9
Jason Davidson ,0
Jason Denayer ,0
Jason Gilchrist ,0
Jason Lokilo ,0
Jason Puncheon ,0
Jason Steele ,0
Javier Manquillo ,1
Jay Fulton ,0
Jay Rodriguez ,21
Jay Stansfield ,0
Jay-Roy Grot ,0
Jayden Bennetts ,0
Jayden Bogle ,2
Jayden Harris ,0
Jayden Stockley ,0
Jayson Molumby ,0
Jazz Richards ,0
Jean Michael Seri ,1
Jean-Philippe Gbamin ,0
Jean-Philippe Mateta ,1
Jed Steer ,0
Jeff Hendrick ,11
Jeff Reine-Adélaïde ,0
Jefferson Lerma ,3
Jefferson Montero ,0
Jeffrey Schlupp ,9
Jensen Weir ,0
Jeremain Lens ,0
Jeremie Boga ,0
Jeremy Ngakia ,0
Jermain Defoe ,19
Jerome Opoku ,0
Jerome Sinclair ,0
Jesse Lingard ,23
Jesurun Rak-Sakyi ,0
Jesé ,1
Jesús Gámez ,0
Jesús Navas ,0
Jesús Vallejo ,0
Jetro Willems ,2
Jiang Guangtai ,0
Jimmy Dunne ,1
Jindrich Stanek ,0
Jiri Skalak ,0
Joachim Andersen ,1
Joe Allen ,8
Joe Bennett ,0
Joe Bryan ,1
Joe Gelhardt ,0
Joe Hart ,0
Joe Ledley ,1
Joe Lolley ,1
Joe Mason ,0
Joe Powell ,0
Joe Ralls ,0
Joe Riley ,0
Joe Rodon ,0
Joe Rothwell ,0
Joe Tupper ,0
Joe Williams ,0
Joel Asoro ,0
Joel Campbell ,0
Joel Ekstrand ,0
Joel Latibeaudiere ,0
Joel Lopez Salguero ,0
Joel Matip ,5
Joel Mumbongo ,0
Joel Pereira ,0
Joel Robles ,0
Joel Senior ,0
Joel Ward ,0
Joelinton ,6
Joey Barton ,1
John Egan ,2
John Fleck ,5
John Lundstram ,5
John McGinn ,6
John O'Shea ,0
John Obi Mikel ,0
John Ruddy ,0
John Stones ,4
John Terry ,1
John-Kymani Gordon ,0
Joleon Lescott ,0
Jon Dagur Thorsteinsson ,0
Jon Flanagan ,0
Jon Gorenc Stankovic ,1
Jonas Lössl ,0
Jonathan Bond ,0
Jonathan Calleri ,1
Jonathan De Bie ,0
Jonathan Dinzeyi ,0
Jonathan Hogg ,0
Jonathan Kodjia ,0
Jonathan Leko ,0
Jonathan Walters ,4
Jonathan Williams ,0
Jonathan Woodgate ,0
Jonjo Shelvey ,9
Jonjoe Kenny ,0
Jonny ,3
Jonny Evans ,8
Jonny Maddison ,0
Jordan Ayew ,19
Jordan Graham ,0
Jordan Green ,0
Jordan Henderson ,3
Jordan Holmes ,0
Jordan Hugill ,0
Jordan Lee ,0
Jordan Pickford ,0
Jordan Rhodes ,0
Jordan Rossiter ,0
Jordan Stevens ,0
Jordan Williams ,0
Jordan Zemura ,0
Jordi Amat ,0
Jordi Gómez ,0
Jordi Osei-Tutu ,0
Jordon Ibe ,3
Jordon Mutch ,0
Jordy Clasie ,1
Jordy Hiwula-Mayifuila ,0
Jorginho ,13
Jose Baxter ,0
Josef Yarney ,0
Joselu ,6
Joseph Anang ,0
Joseph Dodoo ,0
Joseph Gomez ,0
Joseph Hardy ,0
Joseph Hungbo ,0
Joseph Willock ,9
Josh Benson ,0
Josh Brownhill ,0
Josh Clackstone ,0
Josh Cullen ,0
Josh Dasilva ,0
Josh Felix-Eppiah ,0
Josh Harrop ,1
Josh Knight ,0
Josh Maja ,3
Josh Martin ,0
Josh Onomah ,0
Josh Pask ,0
Josh Robson ,0
Josh Sims ,0
Josh Tymon ,0
Josh Vickers ,0
Josh Wakefield ,0
Joshua Bohui ,0
Joshua King ,42
Josip Drmic ,1
José Enrique ,0
José Fonte ,0
José Holebas ,5
José Izquierdo ,5
José Manuel Jurado ,0
Jota ,0
Joy Mukena ,0
João Cancelo ,2
João Moutinho ,3
João Mário ,2
João Pedro ,0
João Teixeira ,0
João Virgínia ,0
Joël Veltman ,1
Juan Camilo Zuñiga ,1
Juan Carlos Paredes ,0
Juan Cuadrado ,0
Juan Familia-Castillo ,0
Juan Foyth ,1
Juan Iturbe ,0
Juan Mata ,13
Juanmi ,0
Jubril Okedina ,0
Julian Speroni ,0
Julien Ngoy ,0
Julien de Sart ,0
Julio Pleguezuelo ,0
Junior Stanislas ,17
Jérémy Pied ,0
Jóhann Gudmundsson ,9
Jürgen Locadia ,3
Kadeem Harris ,1
Kai Havertz ,4
Kaine Hayden ,0
Kalvin Phillips ,1
Kamil Grabara ,0
Kamil Grosicki ,0
Kamil Miazek ,0
Kane Crichlow ,0
Karl Darlow ,0
Karl Hein ,0
Karlan Grant ,4
Karlo Ziger ,0
Kasey Palmer ,0
Kasper Schmeichel ,0
Kaylen Hinds ,0
Kayne Ramsay ,0
Kazenga LuaLua ,0
Kean Bryan ,0
Keelan O'Connell ,0
Keinan Davis ,1
Kelechi Iheanacho ,25
Kelland Watts ,0
Kelvin Davis ,0
Ken Sema ,1
Kenedy ,3
Kenji Gorré ,0
Kenneth Zohore ,1
Kenny McLean ,1
Kenny Tete ,0
Kepa Arrizabalaga ,0
Kevin Danso ,0
Kevin De Bruyne ,35
Kevin Long ,1
Kevin McDonald ,0
Kevin Mirallas ,4
Kevin Stewart ,0
Kevin Wimmer ,0
Kgaogelo Chauke ,0
Ki Sung-Yueng ,2
Ki-Jana Hoever ,0
Kieran Dowell ,0
Kieran Gibbs ,0
Kieran O'Hara ,0
Kieran Tierney ,2
Kieran Trippier ,1
Kiernan Dewsbury-Hall ,0
Kieron Freeman ,0
Kiko Casilla ,0
Kiko Femenía ,2
Kleton Perntreou ,0
Kolo Touré ,0
Konstantinos Mavropanos ,0
Konstantinos Stafylidis ,0
Konstantinos Tsimikas ,0
Kornelius Normann Hansen ,0
Kortney Hause ,2
Kristoffer Nordfeldt ,0
Krystian Bielik ,0
Kurt Zouma ,8
Kyle Bartley ,3
Kyle Edwards ,0
Kyle Jameson ,0
Kyle John ,0
Kyle Naughton ,1
Kyle Scott ,0
Kyle Taylor ,0
Kyle Walker ,2
Kyle Walker-Peters ,0
Lamar Bogarde ,0
Largie Ramazani ,0
Lars Dendoncker ,0
Lasse Sørensen ,0
Laurens De Bock ,0
Laurent Depoitre ,6
Laurent Koscielny ,7
Layton Ndukwu ,0
Layton Stewart ,0
Lazar Markovic ,2
Leander Dendoncker ,6
Leandro Bacuna ,0
Leandro Rodríguez ,0
Leandro Trossard ,10
Lee Camp ,0
Lee Cattermole ,0
Lee Chung-Yong ,0
Lee Grant ,0
Lee Peltier ,0
Lee Tomlin ,0
Leighton Baines ,4
Leighton Clarkson ,0
Leo Ostigard ,0
Leon Balogun ,1
Leon Britton ,0
Leon Clarke ,0
Leon Osman ,0
Leonardo Campana ,0
Leonardo Ulloa ,2
Leroy Fer ,7
Leroy Sané ,25
Levi Lumeka ,0
Lewis Baker ,0
Lewis Banks ,0
Lewis Bate ,0
Lewis Cass ,0
Lewis Cook ,0
Lewis Dunk ,11
Lewis Grabban ,0
Lewis O'Brien ,0
Lewis Richardson ,0
Liam Bridcutt ,0
Liam Cooper ,1
Liam Delap ,0
Liam Feeney ,0
Liam Hughes ,0
Liam McCarron ,0
Liam Millar ,0
Liam Moore ,0
Liam Rosenior ,0
Lloyd Dyer ,0
Lloyd Humphries ,0
Lloyd Isgrove ,0
Lloyd Kelly ,0
Loris Karius ,0
Louie Barry ,0
Lovre Kalinic ,0
Loïc Damour ,0
Loïc Rémy ,0
Luca Ashby-Hammond ,0
Luca de la Torre ,0
Lucas Digne ,4
Lucas Leiva ,0
Lucas Moura ,17
Lucas Perri ,0
Lucas Piazon ,0
Lucas Pérez ,4
Lucas Torreira ,3
Luciano Narsingh ,1
Luciano Vietto ,1
Luis Alberto ,0
Luis Antonio Valencia ,3
Luis Longstaff ,0
Luka Milivojevic ,28
Lukas Jensen ,0
Lukas Jutkiewicz ,0
Lukas Nmecha ,0
Lukas Rupp ,0
Lukasz Fabianski ,0
Luke Amos ,0
Luke Ayling ,0
Luke Bolton ,0
Luke Coddington ,0
Luke Croll ,0
Luke Cundle ,0
Luke Dreher ,0
Luke Freeman ,0
Luke Garbutt ,0
Luke Matheson ,0
Luke Mbete ,0
Luke McCormick ,0
Luke McGee ,0
Luke Shaw ,2
Lynden Gooch ,0
Lys Mousset ,9
Léo Bonatini ,0
M'Baye Niang ,2
MJ Williams ,0
Maarten Stekelenburg ,0
Mace Goodridge ,0
Magnus Norman ,0
Malachi Fagan-Walcott ,0
Malang Sarr ,0
Mamadou Dialla Sylla ,0
Mamadou Sakho ,1
Mame Biram Diouf ,7
Manolo Gabbiadini ,10
Manu García ,0
Manuel Lanzini ,15
Marc Albrighton ,7
Marc Bola ,0
Marc Guehi ,0
Marc Muniesa ,1
Marc Navarro ,0
Marc Pugh ,2
Marc Wilson ,0
Marcel Franke ,0
Marcel Lavinier ,0
Marcelo Djaló ,0
Marcin Bulka ,0
Marcin Wasilewski ,0
Marco Amelia ,0
Marco Stiepermann ,0
Marco van Ginkel ,0
Marcos Alonso ,21
Marcos Rojo ,1
Marcus Bettinelli ,0
Marcus Browne ,0
Marcus McGuane ,0
Marcus Rashford ,50
Marek Rodák ,0
Mario Balotelli ,0
Mario Lemina ,3
Mario Pasalic ,0
Mario Suárez ,0
Mario Vrancic ,1
Mark Birighitti ,0
Mark Bunn ,0
Mark Gillespie ,0
Mark Hudson ,0
Mark McGuinness ,0
Mark Noble ,16
Mark Schwarzer ,0
Mark Travers ,0
Mark Waddington ,0
Marko Arnautovic ,27
Marko Grujic ,0
Markus Henriksen ,0
Markus Suttner ,0
Marlon Fossey ,0
Marlos Moreno ,0
Marouane Chamakh ,0
Marouane Fellaini ,5
Martell Taylor-Crossdale ,0
Marten de Roon ,4
Martin Cranie ,0
Martin Dubravka ,0
Martin Dúbravka ,0
Martin Kelly ,0
Martin Olsson ,2
Martin Samuelsen ,0
Martin Skrtel ,0
Martin Ødegaard ,1
Martín Cáceres ,0
Martín Demichelis ,0
Martín Montoya ,0
Marvelous Nakamba ,0
Marvin Emnes ,0
Marvin Zeegelaar ,0
Marçal ,0
Mason Barrett ,0
Mason Bloomfield ,0
Mason Greenwood ,10
Mason Holgate ,1
Mason Mount ,13
Massadio Haidara ,0
Mat Ryan ,0
Matej Kovar ,0
Matej Vydra ,6
Mateo Kovacic ,1
Mateusz Bogusz ,0
Mateusz Hewelt ,0
Mateusz Klich ,4
Matheus Pereira ,11
Mathias Normann ,0
Mathieu Debuchy ,0
Mathieu Flamini ,0
Matija Sarkic ,0
Matt Butcher ,0
Matt Doherty ,8
Matt Grimes ,0
Matt Macey ,0
Matt Miazga ,0
Matt O'Riley ,0
Matt Ritchie ,7
Matt Targett ,2
Matteo Darmian ,0
Matteo Guendouzi ,0
Matthew Cash ,0
Matthew Clarke ,0
Matthew Gilks ,0
Matthew Kennedy ,0
Matthew Longstaff ,2
Matthew Lowton ,1
Matthew Pennington ,1
Matthew Smith ,0
Matthew Taylor ,0
Matthew Worthington ,0
Mattias Kait ,0
Matty James ,0
Matz Sels ,0
Mauro Zárate ,0
Max Aarons ,0
Max Lowe ,0
Max Melbourne ,0
Max Meyer ,1
Max Sanders ,0
Max Stryjek ,0
Max Thompson ,0
Max-Alain Gradel ,0
Maxime Le Marchand ,0
Maximilian Kilman ,0
Maya Yoshida ,3
Mbaye Diagne ,3
Mbwana Samatta ,1
Melvin Sitti ,0
Memphis Depay ,0
Meritan Shabani ,0
Mesut Özil ,18
Michael Agazzi ,0
Michael Carrick ,0
Michael Collins ,0
Michael Dawson ,3
Michael Duff ,0
Michael Folivi ,0
Michael Hector ,0
Michael Hefele ,0
Michael Keane ,8
Michael Kightly ,0
Michael Ledger ,0
Michael McGovern ,0
Michael Obafemi ,4
Michael Phillips ,0
Michael Stensgaard ,0
Michael Tait ,0
Michael Verrips ,0
Michail Antonio ,38
Michal Karbownik ,0
Michal Zyro ,0
Michel Vorm ,0
Michy Batshuayi ,15
Miguel Almirón ,8
Miguel Azeez ,0
Miguel Britos ,2
Mihai-Alexandru Dobre ,0
Mika ,0
Mikael Mandron ,0
Mikael Ndjoli ,0
Mike van der Hoorn ,2
Mikel Arteta ,0
Mikel Merino ,1
Mile Jedinak ,0
Mitchell Clark ,0
Mix Diskerud ,0
Modou Barrow ,0
Moha ,0
Mohamed Diamé ,2
Mohamed Elneny ,1
Mohamed Elyounoussi ,0
Mohamed Salah ,95
Mohammed Salisu ,0
Moise Kean ,2
Moisés Caicedo ,0
Molla Wagué ,1
Morgan Boyes ,0
Morgan Feeney ,0
Morgan Gibbs-White ,1
Morgan Sanson ,0
Morgan Schneiderlin ,1
Moritz Bauer ,0
Moritz Jenz ,0
Moritz Leitner ,0
Moses Makasi ,0
Moses Odubajo ,0
Mouez Hassen ,0
Mousa Dembélé ,1
Moussa Djenepo ,3
Moussa Sissoko ,3
Muhamed Besic ,0
Mungo Bridge ,0
Mustapha Carayol ,0
Myles Peart-Harris ,0
N'Golo Kanté ,9
Nabil Bentaleb ,0
Nabili Zoubdi Touaizi ,0
Naby Keita ,4
Naby Keïta ,0
Nacer Chadli ,22
Nacho Monreal ,6
Nahki Wells ,0
Nampalys Mendy ,0
Nathan ,0
Nathan Aké ,12
Nathan Baxter ,0
Nathan Bishop ,0
Nathan Broadhead ,0
Nathan Dyer ,0
Nathan Ferguson ,0
Nathan Harker ,0
Nathan Holland ,0
Nathan Redmond ,20
Nathan Tella ,1
Nathan Trott ,0
Nathanael Ogbeta ,0
Nathaniel Chalobah ,0
Nathaniel Clyne ,0
Nathaniel Mendez-Laing ,4
Nathaniel Phillips ,0
Nathaniel Shio Hong Wan ,0
Neal Maupay ,18
Neco Williams ,0
Neeskens Kebano ,0
Neil Etheridge ,0
Neil Taylor ,0
Nemanja Matic ,3
Niall Ennis ,0
Niall Huggins ,0
Nick Pope ,0
Nick Powell ,0
Nicolas Pépé ,15
Nicolás Otamendi ,7
Niels Nkounkou ,0
Nigel Lonwijk ,0
Niki Mäenpää ,0
Nikola Tavares ,0
Nikola Vlasic ,0
Nnamdi Ofoborh ,0
Nolito ,4
Noor Husin ,0
Nordin Amrabat ,0
Nsue ,0
Ntumba Massanka ,0
Nya Kirby ,0
Nélson Oliveira ,0
Nélson Semedo ,1
Obbi Oularé ,0
Odion Ighalo ,1
Okay Yokuslu ,0
Ola Aina ,2
Oladapo Afolayan ,0
Olarenwaju Kayode ,0
Oleksandr Zinchenko ,0
Oliver Burke ,1
Oliver Casey ,0
Oliver McBurnie ,7
Oliver Norwood ,1
Oliver Shenton ,0
Oliver Skipp ,0
Olivier Giroud ,33
Oliwer Zych ,0
Ollie Harfield ,0
Ollie Watkins ,14
Oludare Olufunwa ,0
Olufela Olomola ,0
Omar Bogle ,0
Omar Elabdellaoui ,0
Ondrej Duda ,0
Onel Hernández ,1
Orestis Karnezis ,0
Oriol Romeu ,4
Oscar ,0
Oskar Buur ,0
Oumar Niasse ,12
Ovie Ejaria ,0
Owen Bailey ,0
Owen Otasowie ,0
Ozan Kabak ,0
Pablo Fornals ,7
Pablo Hernández ,0
Pablo Maffeo ,0
Pablo Marí ,0
Pablo Moreno ,0
Pablo Zabaleta ,1
Paddy McCarthy ,0
Panagiotis Retsos ,0
Pape Souaré ,0
Papy Djilobodji ,0
Paris Maghoma ,0
Pascal Groß ,15
Pascal Struijk ,1
Patrice Evra ,0
Patrick Bamford ,18
Patrick Cutrone ,2
Patrick McNair ,0
Patrick Roberts ,0
Patrick van Aanholt ,16
Pau López ,0
Paul Coutts ,0
Paul Dummett ,1
Paul Gladon ,0
Paul Glatzel ,0
Paul Pogba ,28
Paul Robinson ,0
Paulo Alves ,0
Paulo Gazzaniga ,0
Pedro ,22
Pedro Chirivella ,0
Pedro Neto ,8
Pedro Obiang ,3
Pedro Pereira ,0
Pedro Porro ,0
Pepe Reina ,0
Per Mertesacker ,1
Percy Tau ,0
Peter Crouch ,12
Peter Gwargis ,0
Peter Keen ,0
Peter Odemwingie ,0
Petr Cech ,0
Phil Bardsley ,0
Phil Foden ,15
Phil Jagielka ,4
Phil Ofosu-Ayeh ,0
Philip Billing ,3
Philip Heise ,0
Philipp Wollscheid ,0
Philippe Coutinho ,20
Philippe Sandler ,0
Pierre-Emerick Aubameyang ,64
Pierre-Emile Højbjerg ,6
Pontus Dahlberg ,0
Pote ,0
Prince Oniangué ,0
Rabbi Matondo ,0
Rachid Ghezzal ,1
Rafa Mir ,0
Rafael Camacho ,0
Ragnar Klavan ,1
Raheem Sterling ,17
Rajiv van La Parra ,3
Ralf Fährmann ,0
Ramadan Sobhi ,2
Ramiro Funes Mori ,0
Raphael Spiegel ,0
Raphinha ,6
Rarmani Edmonds-Green ,0
Ravel Morrison ,0
Rayan Aït-Nouri ,1
Rayhaan Tulloch ,0
Raúl Jiménez ,13
Reda Khadra ,0
Reece Burke ,0
Reece Hannam ,0
Reece James ,1
Reece Oxford ,0
Reece Welch ,0
Rees Greenwood ,0
Regan Booty ,0
Regan Poole ,0
Regan Slater ,0
Reiss Nelson ,1
Rekeem Harper ,0
Renat Dadashov ,0
Renato Sanches ,0
Rene Gilmartin ,0
Rhian Brewster ,0
Rhoys Wiggins ,0
Rhys Healey ,0
Rhys Norrington-Davies ,0
Rhys Williams ,0
Ricardo Pereira ,5
Richairo Zivkovic ,0
Richard Nartey ,0
Richard Stearman ,0
Richard Towell ,0
Richard Wright ,0
Richarlison ,38
Rickie Lambert ,0
Ricky Holmes ,0
Ritchie de Laet ,0
Riyad Mahrez ,45
Rob Holding ,0
Rob Hunt ,0
Robbie Brady ,4
Robbie Burton ,0
Robbie Gotts ,0
Robert Elliot ,0
Robert Green ,0
Robert Huth ,2
Robert Snodgrass ,14
Robert Sánchez ,0
Roberto Firmino ,56
Roberto Jiménez ,0
Roberto Pereyra ,16
Robin Koch ,0
Robin Olsen ,0
Rocky Bushiri Kisonga ,0
Roderick Miranda ,0
Rodri ,2
Rodrigo ,10
Rohan Ince ,0
Rolando Aarons ,0
Romain Saïss ,7
Romaine Sawyers ,0
Romaric Yapi ,0
Romelu Lukaku ,53
Ron-Robert Zieler ,0
Roque Mesa ,0
Rory Watson ,0
Ross Barkley ,12
Ross McCormack ,0
Rouwen Hennings ,0
Ruben Loftus-Cheek ,9
Rubén Sobrino ,0
Rudy Gestede ,1
Rui Fonte ,0
Rui Patrício ,0
Rushian Marcus Amari Hepburn-Murphy ,0
Russell Griffiths ,0
Ryan Allsop ,0
Ryan Astley ,0
Ryan Babel ,5
Ryan Bennett ,0
Ryan Bertrand ,4
Ryan Edmondson ,0
Ryan Finnigan ,0
Ryan Fraser ,16
Ryan Fredericks ,2
Ryan Giles ,0
Ryan Hill ,0
Ryan Inniss ,0
Ryan Kent ,0
Ryan Longman ,0
Ryan Mason ,1
Ryan Schofield ,0
Ryan Sessegnon ,2
Ryan Shawcross ,2
Ryan Sweeney ,0
Rúben Dias ,1
Rúben Neves ,11
Rúben Vinagre ,0
Rúnar Alex Rúnarsson ,0
Sadio Mané ,74
Saido Berahino ,0
Salomón Rondón ,26
Sam Baldock ,0
Sam Byram ,0
Sam Clucas ,6
Sam Dalby ,0
Sam Field ,1
Sam Gallagher ,0
Sam Graham ,0
Sam Greenwood ,0
Sam Hart ,0
Sam Howes ,0
Sam Hughes ,0
Sam Johnstone ,0
Sam McCallum ,0
Sam McQueen ,0
Sam Sherring ,0
Sam Surridge ,0
Sam Vokes ,17
Sam Woods ,0
Samir Carruthers ,0
Samir Nasri ,0
Samuel Sharrock-Peplow ,0
Samuel Shashoua ,0
Sander Berge ,2
Sandro Ramírez ,0
Santi Cazorla ,2
Santiago Vergini ,0
Saul Shotton ,0
Saïd Benrahma ,1
Scott Arfield ,3
Scott Banks ,0
Scott Carson ,0
Scott Dann ,5
Scott Hogan ,0
Scott Malone ,0
Scott McTominay ,10
Sead Haksabanovic ,0
Sead Kolasinac ,2
Sean Goss ,0
Sean Longstaff ,2
Sean Morrison ,1
Sean Raggett ,0
Sean Scannell ,0
Sebastian Larsson ,0
Sebastian Prödl ,1
Sebastián Coates ,0
Semi Ajayi ,2
Sepp van den Berg ,0
Serge Aurier ,5
Serge Gnabry ,0
Sergi Canós ,0
Sergio Agüero ,82
Sergio Reguilón ,0
Sergio Romero ,0
Shamal George ,0
Shane Duffy ,6
Shane Flynn ,0
Shani Tarashaj ,0
Shaun Hobson ,0
Shaun MacDonald ,0
Shaun Maloney ,1
Shay Given ,0
Shayne Lavery ,0
Shayon Harrison ,0
Sheyi Ojo ,0
Shilow Tracey ,0
Shinji Okazaki ,9
Shkodran Mustafi ,7
Shola Shoretire ,0
Sidnei Tavares ,0
Siem de Jong ,0
Sil Swinkels ,0
Simon Francis ,0
Simon Mignolet ,0
Simon Moore ,0
Simone Zaza ,0
Slobodan Tedic ,0
Sofiane Boufal ,3
Sofiane Feghouli ,3
Sokratis ,3
Sokratis Papastathopoulos ,0
Sol Bamba ,4
Solly March ,4
Son Heung-Min ,66
Soufyan Ahannach ,0
Stefan Johansen ,0
Stefan O'Connor ,0
Stefano Okaka ,5
Stephan Lichtsteiner ,0
Stephen Duke-McKenna ,0
Stephen Henderson ,0
Stephen Hendrie ,0
Stephen Ireland ,0
Stephen Kingsley ,0
Stephen Ward ,2
Stephy Mavididi ,0
Steve Cook ,6
Steve Harper ,0
Steve Mandanda ,0
Steve Mounie ,9
Steve Sidwell ,0
Steven Alzate ,1
Steven Berghuis ,0
Steven Bergwijn ,4
Steven Davis ,3
Steven Defour ,2
Steven Fletcher ,0
Steven Pienaar ,0
Steven Sessegnon ,0
Stewart Downing ,1
Stuart Armstrong ,9
Stuart Dallas ,8
Stuart Findlay ,0
Stuart O'Keefe ,0
Stuart Taylor ,0
Stéphane Sessegnon ,0
Sullay Kaikai ,0
Sven Kums ,0
Sylvain Boris Nabil Deslandes ,0
Sylvain Distin ,0
Sylvester Jasper ,0
Séamus Coleman ,6
Sébastien Haller ,10
Sébastien Pocognoli ,0
Tahith Chong ,0
Taiwo Awoniyi ,0
Takumi Minamino ,3
Tammy Abraham ,26
Tanguy Ndombele ,5
Tareiq Holmes-Dennis ,0
Tariq Lamptey ,1
Tashan Oakley-Boothe ,0
Tawanda Maswanhise ,0
Taye Ashby-Hammond ,0
Taylor Gardner-Hickman ,0
Taylor Harwood-Bellis ,0
Taylor Jay-Hart ,0
Taylor Perry ,0
Taylor Richards ,0
Tayo Edun ,0
Teddy Jenks ,0
Teden Mengi ,0
Teemu Pukki ,11
Tendayi Darikwa ,0
Terell Pennant ,0
Terence Kongolo ,1
Thakgalo Leshabela ,0
Thanawat Suengchitthawon ,0
Theo Corbeanu ,0
Theo Walcott ,23
Thiago ,1
Thiago Silva ,2
Thibaud Verlinden ,0
Thibaut Courtois ,0
Thierry Small ,0
Thomas Clayton ,0
Thomas Edwards ,0
Thomas Hill ,0
Thomas McGill ,0
Thomas O'Connor ,0
Thomas Partey ,0
Thomas Robson ,0
Tiago Ilori ,0
Tiemoué Bakayoko ,2
Tim Howard ,0
Tim Iroegbunam ,0
Tim Krul ,0
Tim Ream ,0
Timi Odusina ,0
Timm Klose ,0
Timo Werner ,6
Timothy Castagne ,2
Timothy Eyoma ,0
Timothy Fosu-Mensah ,0
Toby Alderweireld ,4
Todd Cantwell ,6
Tokelo Rantie ,0
Tolaji Bola ,0
Tom Anderson ,0
Tom Beadling ,0
Tom Cadman ,0
Tom Cairney ,2
Tom Carroll ,1
Tom Cleverley ,3
Tom Davies ,4
Tom Dele-Bashiru ,0
Tom Heaton ,0
Tom Huddlestone ,1
Tom Lawrence ,0
Tom Trybull ,0
Tomas Kalas ,0
Tomas Rosicky ,0
Tomas Soucek ,13
Tomer Hemed ,2
Tommie Hoban ,0
Tommy Doyle ,0
Tommy Elphick ,0
Tomás Mejías ,0
Toni Correia Gomes ,0
Toni Martínez ,0
Tony Gallacher ,0
Tony Hibbert ,0
Tosin Adarabioyo ,0
Trent Alexander-Arnold ,8
Trevoh Chalobah ,0
Troy Deeney ,34
Troy Parrott ,0
Trézéguet ,8
Tudor Baluta ,0
Tyler Onyango ,0
Tyler Smith ,0
Tyreece John-Jules ,0
Tyrell Warren ,0
Tyrese Francois ,0
Tyrick Mitchell ,1
Tyrone Mings ,4
Ulrick Eneme Ella ,0
Uwe Hünemeier ,0
Valentino Lazaro ,1
Valentino Livramento ,0
Valon Behrami ,0
Vashon Neufville ,0
Vicente Guaita ,0
Vicente Iborra ,3
Victor Anichebe ,3
Victor Lindelöf ,3
Victor Moses ,6
Victor Wanyama ,6
Viktor Fischer ,0
Viktor Gyökeres ,0
Viktor Johansson ,0
Vincent Janssen ,2
Vincent Kompany ,5
Virgil van Dijk ,11
Vitezslav Jaros ,0
Vitinha ,0
Vito Mannone ,0
Vlad Dragomir ,0
Vladimir Coufal ,0
Vontae Daley-Campbell ,0
Vurnon Anita ,0
Víctor Camarasa ,5
Víctor Valdés ,0
Wahbi Khazri ,1
Wanya Madavidua ,0
Warren O'Hora ,0
Wayne Hennessey ,0
Wayne Rooney ,15
Wayne Routledge ,3
Wes Foderingham ,0
Wes Morgan ,4
Wesley ,5
Wesley Fofana ,0
Wesley Hoedt ,0
Wilfred Ndidi ,7
Wilfried Bony ,4
Wilfried Zaha ,41
Will Collar ,0
Will Ferry ,0
Will Hughes ,1
Will Miller ,0
Will Norris ,0
Will Russ ,0
William Dennis ,0
William Fish ,0
William John Mannion ,0
William Osula ,0
William Saliba ,0
William Smallbone ,0
Willian ,27
Willian José ,1
Willy Boly ,5
Willy Caballero ,0
Winston Reid ,2
Wojciech Szczesny ,0
Xande Silva ,0
Xherdan Shaqiri ,19
Yan Valery ,2
Yanic Wildschut ,0
Yann M'Vila ,0
Yannick Bolasie ,13
Yasin Ben El-Mhanni ,0
Yasser Larouci ,0
Yaya Sanogo ,0
Yaya Touré ,5
Yerry Mina ,5
Yoan Gouffran ,0
Yohan Benalouane ,0
Yohan Cabaye ,4
Yoshinori Muto ,1
Younes Kaboul ,2
Youri Tielemans ,12
Yves Bissouma ,2
Zachary Dearnley ,0
Zack Steffen ,0
Zak Brunt ,0
Zan-Luk Leban ,0
Zanka ,3
Zech Medley ,0
Zhang Yuning ,0
Zlatan Ibrahimovic ,17
Álvaro Arbeloa ,0
Álvaro Morata ,16
Álvaro Negredo ,9
Çaglar Söyüncü ,2
Éder ,0
Édouard Mendy ,0
Ørjan Nyland ,0
