Name,0
Aaron Connolly ,5.804878048780488
Aaron Cresswell ,36.46017699115044
Aaron Lennon ,13.847222222222221
Aaron Mooy ,43.229166666666664
Aaron O'Driscoll ,
Aaron Ramsdale ,26.186666666666667
Aaron Ramsey ,39.093333333333334
Aaron Rowe ,10.0
Aaron Tshibola ,
Aaron Wan-Bissaka ,43.468468468468465
Abdelhamid Sabiri ,15.142857142857142
Abdoulaye Doucouré ,50.87341772151899
Abdul Rahman Baba ,
Abel Hernández ,10.5
Aboubakar Kamara ,14.083333333333334
Achraf Lazaar ,
Adalberto Peñaranda ,
Adam Armstrong ,
Adam Bogdan ,
Adam Clayton ,42.64705882352941
Adam Federici ,27.0
Adam Forshaw ,39.794117647058826
Adam Idah ,4.0
Adam Lallana ,30.871287128712872
Adam Leathers ,
Adam Legzdins ,
Adam Lewis ,
Adam Masina ,28.325
Adam Matthews ,
Adam Parkes ,
Adam Reach ,
Adam Smith ,36.401785714285715
Adam Webster ,61.96666666666667
Adama Diakhaby ,12.25
Adama Diomande ,14.590909090909092
Adama Traoré ,19.27027027027027
Ademipo Odubeko ,
Ademola Lookman ,20.585714285714285
Adlène Guédioura ,23.11764705882353
Admiral Muskwe ,
Adnan Januzaj ,14.24
Adnan Maric ,
Adrian Mariappa ,31.469135802469136
Adrien Silva ,36.57142857142857
Adrián ,26.06122448979592
Adrián Bernabé ,
Ahmed El Mohamady ,36.0
Ahmed Hegazi ,31.846153846153847
Ahmed Musa ,10.19047619047619
Aiden McGeady ,
Aiden O'Neill ,17.0
Ainsley Maitland-Niles ,31.78205128205128
Ajibola Alese ,
Akin Famewo ,0.0
Akos Onodi ,
Alan Hutton ,
Albert Adomah ,16.0
Alberto Moreno ,35.666666666666664
Alberto Paloschi ,
Albian Ajeti ,1.6666666666666667
Aleix García ,24.25
Aleksandar Dragovic ,30.636363636363637
Aleksandar Kolarov ,64.10344827586206
Aleksandar Mitrovic ,20.82857142857143
Ales Mateju ,
Alex Baptiste ,
Alex Bruce ,
Alex Cochrane ,
Alex Denny ,
Alex Iwobi ,29.12676056338028
Alex McCarthy ,
Alex Oxlade-Chamberlain ,22.522935779816514
Alex Pike ,
Alex Pritchard ,25.967741935483872
Alex Smithies ,
Alex Telles ,50.888888888888886
Alexander Manninger ,
Alexander Sørloth ,10.375
Alexander Tettey ,43.1
Alexandre Jankewitz ,1.5
Alexandre Lacazette ,19.625
Alexandre Song ,
Alexis Mac Allister ,16.466666666666665
Alexis Sánchez ,44.89855072463768
Alfie Devine ,
Alfie Mawson ,42.9875
Alfie McCalmont ,
Alfie Payne ,
Alfie Whiteman ,
Alfred N'Diaye ,37.53333333333333
Ali Gabr ,
Ali Koiki ,
Alireza Jahanbakhsh ,12.42
Alisson ,28.69
Allan ,43.958333333333336
Allan McGregor ,
Allan Saint-Maximin ,16.627450980392158
Allan Tchaptchet ,1.0
Allan-Roméo Nyom ,24.39344262295082
Almen Abdi ,
Alpha Richard Dionkou ,
Alphonse Areola ,23.27777777777778
Amad Diallo ,21.0
Ander Herrera ,52.050632911392405
Anders Lindegaard ,
Andi Janjeva ,
Andi Zeqiri ,4.222222222222222
Andre Gray ,11.625
Andre Green ,
Andre Olukanmi ,
Andre Wisdom ,
Andrea Ranocchia ,34.375
Andreas Christensen ,58.28767123287671
Andreas Pereira ,26.4
Andreas Söndergaard ,
Andrew Crofts ,
Andrew Eleftheriou ,14.0
Andrew Robertson ,61.93939393939394
Andrew Surman ,49.42857142857143
Andriy Yarmolenko ,15.76595744680851
Andros Townsend ,22.803571428571427
André Gomes ,39.554054054054056
André Schürrle ,21.791666666666668
André-Frank Zambo Anguissa ,42.39655172413793
Andy Carroll ,9.066666666666666
Andy Lonergan ,
Angel Gomes ,9.4
Angel Rangel ,29.09090909090909
Angeliño ,56.333333333333336
Angelo Ogbonna ,34.13333333333333
Angus Gunn ,23.636363636363637
Anthony Driscoll-Glennon ,
Anthony Elanga ,26.5
Anthony Georgiou ,
Anthony Gordon ,
Anthony Knockaert ,25.396825396825395
Anthony Mancini ,
Anthony Martial ,23.816176470588236
Anthony Pilkington ,
Anton Walkes ,
Antonee Robinson ,37.392857142857146
Antonio Barragán ,39.5
Antonio Barreca ,2.0
Antonio Rüdiger ,73.34343434343434
Antwoine Hackford ,1.0
Anwar El Ghazi ,16.161290322580644
Archie Davies ,
Archie Mair ,
Arijanet Muric ,
Arjan Raikhy ,
Armand Traore ,
Armando Broja ,1.0
Arnau Puigmal ,
Arnaut Danjuma Groeneveld ,15.785714285714286
Aron Gunnarsson ,26.75
Arouna Koné ,5.333333333333333
Arthur Masuaku ,32.71739130434783
Arthur Okonkwo ,
Artur Boruc ,24.97872340425532
Ashley Barnes ,14.30281690140845
Ashley Westwood ,44.888888888888886
Ashley Williams ,40.86666666666667
Ashley Young ,43.583333333333336
Asmir Begovic ,23.765625
Aston Oxborough ,
Austin Samuels ,
Axel Tuanzebe ,28.526315789473685
Aymeric Laporte ,83.08
Ayoze Pérez ,20.75862068965517
Bacary Sagna ,48.94117647058823
Badou Ndiaye ,25.923076923076923
Bafétimbi Gomis ,
Bailey Peacock-Farrell ,26.5
Baily Cargill ,1.0
Bakary Sako ,6.777777777777778
Barry Douglas ,
Bartosz Kapustka ,
Bastian Schweinsteiger ,
Bayli Spencer-Adams ,
Ben Barclay ,
Ben Chilwell ,47.69047619047619
Ben Cottrell ,
Ben Foster ,29.39072847682119
Ben Gibson ,33.0
Ben Godfrey ,47.19672131147541
Ben Hamer ,23.818181818181817
Ben Heneghan ,
Ben Hinchcliffe ,
Ben Marshall ,
Ben Mee ,37.39877300613497
Ben Osborn ,26.324324324324323
Ben Sheaf ,
Ben Stevenson ,
Ben Watson ,29.5
Ben White ,48.52777777777778
Ben Whitfield ,
Ben Wilmot ,4.5
Ben Winterbottom ,
Ben Woodburn ,6.666666666666667
Ben Wynter ,
Beni Baningime ,10.25
Benik Afobe ,9.354166666666666
Benjamin Chrisene ,
Benjamín Garré ,
Benny Ashley-Seal ,
Beram Kayal ,13.45945945945946
Bernard ,21.89041095890411
Bernardo ,30.487179487179485
Bernardo Espinosa ,47.81818181818182
Bernardo Rosa ,
Bernardo Silva ,41.12213740458015
Bernd Leno ,28.030927835051546
Bersant Celina ,
Bertrand Traoré ,19.444444444444443
Billy Arce ,
Billy Gilmour ,45.0
Billy Koumetio ,
Billy O'Brien ,
Billy Sharp ,7.902439024390244
Birkir Bjarnason ,
Björn Engels ,38.05882352941177
Boaz Myhill ,19.0
Bobby De Cordova-Reid ,17.85
Bobby Duncan ,
Bobby Thomas ,
Bojan ,21.3
Bojan Radulovic Samoukovic ,
Borja Bastón ,9.3
Brad Guzan ,29.7
Brad Jackson ,
Brad Smith ,22.8
Brad Young ,
Bradley Collins ,
Brahim Díaz ,5.6
Brandon Austin ,
Brandon Barker ,
Brandon Cooper ,
Brandon Fleming ,
Brandon Goodship ,
Brandon Mason ,
Brandon Pierrick ,3.5
Brandon Williams ,30.75
Branislav Ivanovic ,24.846153846153847
Brede Hangeland ,
Brendan Galloway ,19.666666666666668
Brennan Camp ,
Brian Lenihan ,
Brian Murphy ,
Brice Dja Djédjé ,
Bright Enobakhare ,
Brooklyn Genesini ,
Brooklyn Lyons-Foster ,
Bruno ,38.02564102564103
Bruno Ecuele Manga ,25.18421052631579
Bruno Fernandes ,56.64705882352941
Bruno Jordão ,6.0
Bruno Martins Indi ,28.192307692307693
Bruno Zuculini ,
Bryan Oviedo ,24.875
Bryce Hosannah ,
Bukayo Saka ,28.016949152542374
Calaum Jahraldo-Martin ,
Caleb Watts ,4.0
Callum Buckley ,
Callum Connolly ,
Callum Elder ,
Callum Hudson-Odoi ,21.24561403508772
Callum McManaman ,
Callum O'Hare ,
Callum Paterson ,20.444444444444443
Callum Robinson ,8.625
Callum Rowe ,
Callum Slattery ,10.333333333333334
Callum Wilson ,13.423529411764706
Callum Wright ,
Calum Chambers ,48.641304347826086
Calvin Bassey ,
Cameron Archer ,
Cameron Borthwick-Jackson ,
Cameron Brannagan ,
Cameron Carter-Vickers ,
Cameron Coxe ,
Cameron Dummigan ,
Cameron Humphreys-Grant ,
Cameron John ,
Caoimhin Kelleher ,26.0
Caolan Lavery ,
Carl Ikeme ,
Carl Jenkinson ,27.5
Carl Stewart ,
Carlos Vinícius ,5.111111111111111
Carlos de Pena ,
Carlton Morris ,
Carney Chukwuemeka ,4.5
Cauley Woodrow ,
Cengiz Ünder ,12.333333333333334
Cenk Tosun ,11.722222222222221
Cesc Fàbregas ,55.343283582089555
Chancel Mbemba ,23.666666666666668
Charalampos Mavrias ,
Charlie Adam ,31.82857142857143
Charlie Austin ,10.875
Charlie Colkett ,
Charlie Cresswell ,
Charlie Daniels ,44.141304347826086
Charlie Gilmour ,
Charlie Rowan ,
Charly Musonda ,6.0
Che Adams ,13.0
Cheikh Diaby ,
Cheikhou Kouyaté ,29.64457831325301
Chem Campbell ,
Chicharito ,13.0
Chris Basham ,34.391304347826086
Chris Brunt ,31.43859649122807
Chris Löwe ,28.057692307692307
Chris Mepham ,36.2
Chris Smalling ,35.985915492957744
Chris Willock ,
Chris Wood ,16.748031496062993
Christian Atsu ,13.72
Christian Benteke ,20.036496350364963
Christian Eriksen ,52.9765625
Christian Fuchs ,40.416666666666664
Christian Kabasele ,25.66304347826087
Christian Marques ,
Christian Pulisic ,25.576923076923077
Christian Saydee ,
Christian Walton ,
Christoph Klarer ,
Christoph Zimmermann ,38.88235294117647
Christopher Schindler ,39.729729729729726
Chuba Akpom ,
Ciaran Clark ,33.83018867924528
Ciaron Brown ,
Claudio Bravo ,28.896551724137932
Claudio Gomes ,
Claudio Yacob ,26.6734693877551
Clinton N'Jie ,
Cody Drameh ,
Cohen Bramall ,
Cole Palmer ,
Collin Quaner ,15.678571428571429
Connor Barrett ,
Connor Goldson ,27.666666666666668
Connor Mahoney ,
Connor Randall ,
Connor Ripley ,
Connor Ronan ,
Connor Wickham ,7.75
Conor Coady ,47.73451327433628
Conor Coventry ,
Conor Gallagher ,29.666666666666668
Conor Hourihane ,24.032258064516128
Conor Masterson ,
Conor McAleny ,
Conor Shaughnessy ,
Conor Washington ,
Corey Jordan ,
Costel Pantilimon ,16.5
Courtney Baker-Richardson ,
Courtney Duffus ,
Craig Bryson ,
Craig Cathcart ,31.528735632183906
Craig Dawson ,33.0
Craig Gardner ,6.777777777777778
Cristhian Stuani ,16.652173913043477
Cristian Gamboa ,
Cristián Cuevas ,
Crysencio Summerville ,
Cuco Martina ,36.233333333333334
Curtis Good ,
Curtis Jones ,36.3
Cyrus Christie ,31.571428571428573
Cédric Kipré ,
Cédric Soares ,36.78378378378378
César Azpilicueta ,68.70857142857143
D'Mani Mellor ,
Dael Fry ,
Dale Stephens ,46.264150943396224
Daley Blind ,42.13333333333333
Damien Delaney ,28.96875
Damiá ,
Dan Burn ,43.75409836065574
Dan Gosling ,32.47115384615385
Dane Scarlett ,0.0
Dani Ceballos ,51.48979591836735
Daniel Adshead ,
Daniel Agyei ,1.3333333333333333
Daniel Amartey ,35.0377358490566
Daniel Arzani ,
Daniel Atherton ,
Daniel Ayala ,27.142857142857142
Daniel Bachmann ,
Daniel Barlaser ,
Daniel Batty ,
Daniel Cleary ,
Daniel Drinkwater ,50.47826086956522
Daniel Grimshaw ,
Daniel Gyollai ,
Daniel Iversen ,
Daniel Jarvis ,
Daniel Jebbison ,8.75
Daniel Kemp ,
Daniel Lafferty ,
Daniel Langley ,
Daniel N'Lundulu ,2.230769230769231
Daniel Oyegoke ,
Daniel Podence ,21.09090909090909
Daniel Sturridge ,11.81132075471698
Danijel Nizic ,
Danilo ,55.23529411764706
Danny Ballard ,
Danny Batth ,
Danny Drinkwater ,
Danny Graham ,
Danny Ings ,16.282828282828284
Danny Rose ,38.01298701298701
Danny Welbeck ,11.287234042553191
Dara O'Shea ,28.928571428571427
Darnell Furlong ,23.314285714285713
Darnell Johnson ,
Darren Fletcher ,38.81481481481482
Darren Randolph ,26.74074074074074
Darron Gibson ,32.25
Daryl Janmaat ,29.44736842105263
David Brooks ,25.846153846153847
David Button ,27.0
David Faupala ,
David Henen ,
David Jones ,37.0
David Junior Hoilett ,13.84375
David Luiz ,56.65909090909091
David Marshall ,25.625
David Martin ,
David McGoldrick ,24.11111111111111
David Meyler ,25.45
David Nugent ,3.5
David Ospina ,23.0
David Parkhouse ,
David Silva ,65.0569105691057
David de Gea ,23.137931034482758
Davide Zappacosta ,20.0
Davy Klaassen ,14.142857142857142
Davy Pröpper ,41.8411214953271
DeAndre Yedlin ,24.858823529411765
Dean Hammond ,
Dean Marney ,29.729166666666668
Dean Whitehead ,12.5
Declan John ,
Declan Rice ,40.88549618320611
Dejan Iliev ,
Dejan Lovren ,65.49382716049382
Dele Alli ,34.39855072463768
Demarai Gray ,16.63736263736264
Demeaco Duhaney ,19.0
Demetri Mitchell ,50.0
Denis Odoi ,44.11764705882353
Denis Suárez ,8.5
Dennis Adeniran ,
Dennis Cirkin ,
Dennis Praet ,19.404761904761905
Dennis Srbeny ,2.25
Des Hutchinson ,
Didier Ndong ,32.516129032258064
Diego Cavalieri ,
Diego Costa ,29.542857142857144
Diego Llorente ,47.86666666666667
Diego Rico ,35.12820512820513
Dieudonne Mbokani Bezua ,14.333333333333334
Dilan Markanday ,
Dimitri Foulquier ,3.3333333333333335
Dimitri Payet ,42.388888888888886
Dimitrios Konstantopoulos ,
Diogo Dalot ,23.7
Diogo Jota ,23.38372093023256
Dion Henry ,
Dion Pereira ,3.0
Dion Sanderson ,
Dionatan Teixeira ,
Divock Origi ,8.964285714285714
Djair Parfitt-Williams ,
Djibril Sidibé ,37.92
Dodi Lukébakio ,6.0
Domingos Quina ,19.75
Dominic Calvert-Lewin ,15.224489795918368
Dominic Revan ,
Dominic Solanke ,11.53968253968254
Dominic Telford ,
Dominic Thompson ,
Donald Love ,17.916666666666668
Doneil Henry ,
Donny van de Beek ,14.368421052631579
Donyell Malen ,
Douglas Luiz ,38.01449275362319
Dujon Sterling ,
Duncan Watmore ,13.714285714285714
Dusan Kuciak ,
Dusan Tadic ,31.47826086956522
Dwight Gayle ,9.397260273972602
Dwight McNeil ,26.96875
Dylan Levitt ,
Dynel Simeu ,
Eberechi Eze ,32.0
Eddie Nketiah ,6.7894736842105265
Eden Hazard ,46.149532710280376
Ederson ,25.55862068965517
Edimilson Fernandes ,17.642857142857142
Edinson Cavani ,12.923076923076923
Eduardo ,
Edward Rowe ,
Eldin Jakupovic ,28.291666666666668
Elia Caprile ,
Eliaquim Mangala ,37.54545454545455
Elias Kachunga ,16.28205128205128
Elias Sorensen ,
Elijah Dixon-Bonner ,
Elliot Anderson ,1.0
Elliot Embleton ,
Elliot Watt ,
Elliott Moore ,
Ellis Simms ,
Elvis Manu ,
Emerson ,41.90625
Emerson Hyndman ,23.5
Emil Krafth ,23.757575757575758
Emile Smith Rowe ,34.59090909090909
Emiliano Buendía ,39.083333333333336
Emiliano Martínez ,28.19047619047619
Emiliano Sala ,
Emmanuel Adebayor ,
Emmanuel Eboué ,
Emmanuel Emenike ,
Emmanuel Longelo ,
Emmanuel Rivière ,
Emre Can ,55.206896551724135
Enda Stevens ,38.6578947368421
Enner Valencia ,9.5
Erdal Rakip ,
Eric Bailly ,34.0
Eric Dier ,58.496350364963504
Eric García ,56.1578947368421
Eric Maxim Choupo-Moting ,21.366666666666667
Erik Durm ,27.642857142857142
Erik Lamela ,20.316831683168317
Erik Palmer-Brown ,
Erik Pieters ,31.963963963963963
Erwin Mulder ,
Essaïd Belkalem ,
Ethan Ampadu ,39.42307692307692
Ethan Ebanks-Landell ,
Ethan Fitzhugh ,
Ethan Galbraith ,
Ethan Hamilton ,
Ethan Laird ,
Ethan Robson ,
Etienne Capoue ,45.048780487804876
Eunan O'Kane ,
Evandro ,25.363636363636363
Ezekiel Fryers ,8.75
Ezequiel Schelotto ,20.571428571428573
Ezgjan Alioski ,38.25
Ezri Konsa Ngoyo ,33.77049180327869
Fabian Delph ,55.15625
Fabian Schär ,36.5
Fabinho ,61.58139534883721
Fabio ,29.541666666666668
Fabio Borini ,20.958333333333332
Fabio Carvalho ,21.25
Fabián Balbuena ,33.648148148148145
Fabri ,23.5
Facundo Pellistri ,
Faustino Anjorin ,7.0
Federico Fazio ,
Federico Fernández ,37.10606060606061
Felipe Anderson ,40.74603174603175
Felix Nmecha ,
Felix Passlack ,
Femi Seriki ,0.0
Fernandinho ,71.51369863013699
Fernando ,24.666666666666668
Fernando Llorente ,17.55072463768116
Ferran Torres ,16.916666666666668
Fikayo Tomori ,73.75
Filip Benkovic ,
Filip Krovinovic ,32.72727272727273
Filip Lesniak ,6.0
Finn Azaz ,
Florent Hadergjonaj ,28.595744680851062
Florian Lejeune ,43.595238095238095
Florin Andone ,6.8076923076923075
Florin Gardos ,
Floyd Ayité ,12.0
Flávio Cristóvão ,
Folarin Balogun ,
Fousseni Diabaté ,16.066666666666666
Francis Coquelin ,35.44444444444444
Franck Tabanou ,
Frankie Ealing ,
Fraser Forster ,23.35820895522388
Fraser Hornby ,
Fred ,55.828947368421055
Freddie Ladapo ,7.0
Freddie Woodman ,
Frederik Alves ,
Fredrik Ulvestad ,
Frédéric Gounongbe ,
Frédéric Guilbert ,29.96
Fábio Silva ,10.09375
Gabriel Jesus ,19.3206106870229
Gabriel Magalhães ,67.3913043478261
Gabriel Martinelli ,9.285714285714286
Gabriel Paulista ,45.89473684210526
Gaetano Berardi ,27.5
Gareth Bale ,18.3
Gareth Barry ,39.706896551724135
Gareth McAuley ,19.266666666666666
Gary Cahill ,44.567567567567565
Gary Madine ,2.4
Gastón Ramírez ,26.041666666666668
Gavin Bazunu ,
Gavin Kilkenny ,
Gaël Clichy ,58.16
Gaëtan Bong ,27.470588235294116
Gedion Zelalem ,
Gedson Fernandes ,5.571428571428571
Geoff Cameron ,33.15384615384615
George Baldock ,28.785714285714285
George Boyd ,15.277777777777779
George Broadbent ,
George Byers ,
George Dobson ,
George Friend ,32.5
George Glendon ,
George Harmon ,
George Hirst ,2.5
George Honeyman ,21.6
George Johnston ,
George Lewis ,
George Marsh ,
George McEachran ,
George Thomas ,
Georges-Kévin Nkoudou ,6.105263157894737
Georginio Wijnaldum ,44.927374301675975
Gerard Deulofeu ,22.960526315789473
Gerhard Tremmel ,
Gerónimo Rulli ,
Giannelli Imbula ,32.0
Giedrius Arlauskis ,
Giovani Lo Celso ,33.369565217391305
Giovanni McGregor ,
Glen Johnson ,32.17391304347826
Glenn Murray ,14.96875
Glenn Whelan ,46.93333333333333
Gonzalo Higuaín ,22.571428571428573
Gonçalo Cardoso ,
Grady Diangana ,15.675675675675675
Granit Xhaka ,72.98757763975155
Grant Hanley ,43.86666666666667
Grant Leadbitter ,26.153846153846153
Graziano Pellè ,
Greg Cunningham ,25.571428571428573
Greg Halford ,
Greg Luer ,
Greg Olley ,
Grzegorz Krychowiak ,30.11111111111111
Guido Carrillo ,17.571428571428573
Guillermo Varela ,
Gylfi Sigurdsson ,26.436781609195403
Gökhan Inler ,
Gökhan Töre ,11.2
Hakim Ziyech ,28.956521739130434
Hal Robson-Kanu ,6.217391304347826
Hamza Choudhury ,24.148936170212767
Hannibal Mejbri ,3.0
Harrison Ashby ,
Harrison Reed ,44.55882352941177
Harrison Sohna ,
Harry Arter ,44.49315068493151
Harry Bunn ,
Harry Burgoyne ,
Harry Charsley ,
Harry Kane ,21.73611111111111
Harry Lewis ,
Harry Maguire ,55.38235294117647
Harry McKirdy ,
Harry Souttar ,
Harry Tyrer ,
Harry Wilson ,
Harry Winks ,43.77064220183486
Harvey Davies ,
Harvey Elliott ,5.5
Harvey Rodgers ,
Harvey Vale ,
Hayden Lindley ,
Haydon Roberts ,
Henri Lansbury ,8.2
Henri Saivet ,24.0
Henrik Bjørdal ,
Henrikh Mkhitaryan ,33.58974358974359
Henry Lawrence ,
Henry Onyekuru ,
Henry Wise ,
Herbie Kane ,
Heurelho Gomes ,26.838709677419356
Hiram Boateng ,
Hugo Bueno ,
Hugo Lloris ,27.623456790123456
Håvard Nordtveit ,30.38095238095238
Héctor Bellerín ,44.90551181102362
Hélder Costa ,15.851063829787234
Ian Maatsen ,
Ian Poveda-Ocampo ,7.928571428571429
Ibrahim Afellay ,15.0
Ibrahim Amadou ,33.54545454545455
Ibrahim Meite ,
Ibrahima Cissé ,11.333333333333334
Ibrahima Diallo ,26.727272727272727
Idrissa Gueye ,52.42424242424242
Ignacio Pussetto ,4.142857142857143
Ike Ugbo ,
Ikechi Anya ,3.0
Iker Pozo ,
Iliman Ndiaye ,3.0
Ilkay Gündogan ,58.215384615384615
Illan Meslier ,30.857142857142858
Indiana Vassilev ,2.75
Isaac Christie-Davies ,
Isaac Hayden ,24.45098039215686
Isaac Mbenza ,10.545454545454545
Isaac Price ,
Isaac Success ,9.203703703703704
Isaiah Brown ,9.923076923076923
Islam Slimani ,14.725
Ismael Bennacer ,
Ismaila Coulibaly ,
Ismaila Sarr ,17.571428571428573
Issa Diop ,32.42168674698795
Ivan Cavaleiro ,17.25423728813559
Ivo Pinto ,
Jack Bearne ,
Jack Bodenham ,
Jack Butland ,32.390243902439025
Jack Bycroft ,
Jack Colback ,
Jack Cork ,37.22516556291391
Jack Fitzwater ,
Jack Grealish ,38.17741935483871
Jack Harrison ,27.47222222222222
Jack Jenkins ,
Jack O'Connell ,46.68571428571428
Jack Payne ,
Jack Rodwell ,27.238095238095237
Jack Roles ,
Jack Simpson ,30.363636363636363
Jack Spong ,
Jack Stacey ,31.63157894736842
Jack Stephens ,42.88235294117647
Jack Wilshere ,33.353846153846156
Jacob Maddox ,
Jacob Murphy ,17.615384615384617
Jacob Ramsey ,10.045454545454545
Jaden Philogene-Bidace ,4.0
Jadon Sancho ,
Jairo Riedewald ,17.967741935483872
Jake Cain ,
Jake Clarke-Salter ,
Jake Doyle-Hayes ,
Jake Eastwood ,
Jake Flannigan ,
Jake Hesketh ,
Jake Livermore ,34.741573033707866
Jake Vokins ,35.5
Jake Walker ,
Jakob Haugaard ,
Jakub Moder ,21.916666666666668
Jakub Ojrzynski ,
Jakub Stolarczyk ,
Jamaal Lascelles ,34.77777777777778
Jamal Baptiste ,
Jamal Blackman ,
James Bree ,
James Chester ,
James Collins ,26.363636363636363
James Daly ,
James Garner ,7.5
James Hillson ,
James Horsfield ,
James Husband ,28.0
James Justin ,48.22222222222222
James Maddison ,39.765306122448976
James McArthur ,35.63870967741936
James McCarthy ,22.537037037037038
James McClean ,11.078125
James Milner ,45.25850340136054
James Morrison ,24.34285714285714
James Norris ,
James Olayinka ,
James Tarkowski ,32.062893081761004
James Tilley ,
James Tomkins ,33.45794392523364
James Trafford ,
James Ward-Prowse ,40.32716049382716
James Weir ,
Jamie Bowden ,
Jamie Cumming ,
Jamie Murphy ,10.75
Jamie Shackleton ,14.76923076923077
Jamie Soule ,
Jamie Sterry ,
Jamie Vardy ,13.051428571428572
Jan Bednarek ,46.08
Jan Kirchhoff ,28.428571428571427
Jan Mlakar ,
Jan Paul van Hecke ,
Jan Vertonghen ,62.90350877192982
Jannik Vestergaard ,47.638888888888886
Japhet Tanganga ,33.333333333333336
Jared Thompson ,
Jaroslaw Jach ,
Jarrad Branthwaite ,55.75
Jarrod Bowen ,15.568965517241379
Jason Davidson ,
Jason Denayer ,24.416666666666668
Jason Gilchrist ,
Jason Lokilo ,
Jason Puncheon ,33.64912280701754
Jason Steele ,
Javier Manquillo ,22.387096774193548
Jay Fulton ,25.46153846153846
Jay Rodriguez ,13.09375
Jay Stansfield ,
Jay-Roy Grot ,
Jayden Bennetts ,
Jayden Bogle ,19.5
Jayden Harris ,
Jayden Stockley ,
Jayson Molumby ,1.0
Jazz Richards ,6.5
Jean Michael Seri ,49.75
Jean-Philippe Gbamin ,26.333333333333332
Jean-Philippe Mateta ,6.714285714285714
Jed Steer ,2.0
Jeff Hendrick ,24.63888888888889
Jeff Reine-Adélaïde ,
Jefferson Lerma ,46.96825396825397
Jefferson Montero ,7.230769230769231
Jeffrey Schlupp ,20.042735042735043
Jensen Weir ,
Jeremain Lens ,10.0
Jeremie Boga ,4.0
Jeremy Ngakia ,21.2
Jermain Defoe ,9.076923076923077
Jerome Opoku ,
Jerome Sinclair ,3.5555555555555554
Jesse Lingard ,28.0
Jesurun Rak-Sakyi ,
Jesé ,11.23076923076923
Jesús Gámez ,22.5
Jesús Navas ,24.25
Jesús Vallejo ,59.0
Jetro Willems ,22.57894736842105
Jiang Guangtai ,
Jimmy Dunne ,51.0
Jindrich Stanek ,
Jiri Skalak ,
Joachim Andersen ,63.16129032258065
Joe Allen ,36.72222222222222
Joe Bennett ,23.133333333333333
Joe Bryan ,28.75
Joe Gelhardt ,
Joe Hart ,29.18421052631579
Joe Ledley ,31.27777777777778
Joe Lolley ,10.833333333333334
Joe Mason ,
Joe Powell ,
Joe Ralls ,27.785714285714285
Joe Riley ,
Joe Rodon ,35.75
Joe Rothwell ,
Joe Tupper ,
Joe Williams ,
Joel Asoro ,1.0
Joel Campbell ,
Joel Ekstrand ,
Joel Latibeaudiere ,
Joel Lopez Salguero ,
Joel Matip ,60.98947368421052
Joel Mumbongo ,1.25
Joel Pereira ,27.0
Joel Robles ,28.5
Joel Senior ,
Joel Ward ,31.5
Joelinton ,20.318840579710145
Joey Barton ,41.142857142857146
John Egan ,36.014925373134325
John Fleck ,35.049180327868854
John Lundstram ,35.08064516129032
John McGinn ,32.03076923076923
John O'Shea ,24.5
John Obi Mikel ,
John Ruddy ,11.0
John Stones ,67.50467289719626
John Terry ,35.55555555555556
John-Kymani Gordon ,
Joleon Lescott ,17.0
Jon Dagur Thorsteinsson ,
Jon Flanagan ,22.666666666666668
Jon Gorenc Stankovic ,26.727272727272727
Jonas Lössl ,33.18840579710145
Jonathan Bond ,
Jonathan Calleri ,7.4375
Jonathan De Bie ,
Jonathan Dinzeyi ,
Jonathan Hogg ,50.152542372881356
Jonathan Kodjia ,4.5
Jonathan Leko ,1.7777777777777777
Jonathan Walters ,13.076923076923077
Jonathan Williams ,
Jonathan Woodgate ,
Jonjo Shelvey ,43.68627450980392
Jonjoe Kenny ,31.323529411764707
Jonny ,31.253333333333334
Jonny Evans ,48.81208053691275
Jonny Maddison ,
Jordan Ayew ,19.90714285714286
Jordan Graham ,
Jordan Green ,
Jordan Henderson ,70.86746987951807
Jordan Holmes ,
Jordan Hugill ,3.0
Jordan Lee ,
Jordan Pickford ,31.126436781609197
Jordan Rhodes ,7.0
Jordan Rossiter ,
Jordan Stevens ,
Jordan Williams ,
Jordan Zemura ,
Jordi Amat ,38.705882352941174
Jordi Gómez ,
Jordi Osei-Tutu ,
Jordon Ibe ,17.17948717948718
Jordon Mutch ,10.25
Jordy Clasie ,38.9375
Jordy Hiwula-Mayifuila ,
Jorginho ,74.5625
Jose Baxter ,
Josef Yarney ,
Joselu ,17.41304347826087
Joseph Anang ,
Joseph Dodoo ,
Joseph Gomez ,63.08108108108108
Joseph Hardy ,
Joseph Hungbo ,
Joseph Willock ,13.185185185185185
Josh Benson ,13.166666666666666
Josh Brownhill ,34.95348837209303
Josh Clackstone ,
Josh Cullen ,2.0
Josh Dasilva ,
Josh Felix-Eppiah ,
Josh Harrop ,41.0
Josh Knight ,
Josh Maja ,12.0
Josh Martin ,3.0
Josh Onomah ,11.8125
Josh Pask ,
Josh Robson ,
Josh Sims ,9.35
Josh Tymon ,27.0
Josh Vickers ,
Josh Wakefield ,
Joshua Bohui ,
Joshua King ,19.53191489361702
Josip Drmic ,7.619047619047619
José Enrique ,
José Fonte ,47.58536585365854
José Holebas ,32.650485436893206
José Izquierdo ,15.3125
José Manuel Jurado ,
Jota ,9.3
Joy Mukena ,
João Cancelo ,63.644444444444446
João Moutinho ,49.75229357798165
João Mário ,34.0
João Pedro ,3.0
João Teixeira ,
João Virgínia ,12.0
Joël Veltman ,44.607142857142854
Juan Camilo Zuñiga ,17.047619047619047
Juan Carlos Paredes ,
Juan Cuadrado ,
Juan Familia-Castillo ,
Juan Foyth ,40.125
Juan Iturbe ,
Juan Mata ,35.94174757281554
Juanmi ,
Jubril Okedina ,
Julian Speroni ,27.166666666666668
Julien Ngoy ,2.6666666666666665
Julien de Sart ,
Julio Pleguezuelo ,
Junior Stanislas ,23.858974358974358
Jérémy Pied ,27.666666666666668
Jóhann Gudmundsson ,18.533898305084747
Jürgen Locadia ,11.794117647058824
Kadeem Harris ,6.769230769230769
Kai Havertz ,28.37037037037037
Kaine Hayden ,
Kalvin Phillips ,48.41379310344828
Kamil Grabara ,
Kamil Grosicki ,16.166666666666668
Kamil Miazek ,
Kane Crichlow ,
Karl Darlow ,26.428571428571427
Karl Hein ,
Karlan Grant ,16.307692307692307
Karlo Ziger ,
Kasey Palmer ,13.25
Kasper Schmeichel ,29.028248587570623
Kaylen Hinds ,
Kayne Ramsay ,16.5
Kazenga LuaLua ,
Kean Bryan ,
Keelan O'Connell ,
Keinan Davis ,6.333333333333333
Kelechi Iheanacho ,12.801724137931034
Kelland Watts ,3.0
Kelvin Davis ,
Ken Sema ,13.882352941176471
Kenedy ,21.05
Kenji Gorré ,
Kenneth Zohore ,7.157894736842105
Kenny McLean ,45.4054054054054
Kenny Tete ,31.363636363636363
Kepa Arrizabalaga ,28.236842105263158
Kevin Danso ,21.833333333333332
Kevin De Bruyne ,55.203947368421055
Kevin Long ,31.26829268292683
Kevin McDonald ,38.53333333333333
Kevin Mirallas ,19.35
Kevin Stewart ,5.0
Kevin Wimmer ,33.13636363636363
Kgaogelo Chauke ,
Ki Sung-Yueng ,31.681159420289855
Ki-Jana Hoever ,24.25
Kieran Dowell ,
Kieran Gibbs ,30.555555555555557
Kieran O'Hara ,
Kieran Tierney ,38.595238095238095
Kieran Trippier ,50.06349206349206
Kiernan Dewsbury-Hall ,
Kieron Freeman ,0.5
Kiko Casilla ,26.0
Kiko Femenía ,33.4
Kleton Perntreou ,
Kolo Touré ,
Konstantinos Mavropanos ,34.285714285714285
Konstantinos Stafylidis ,18.8
Konstantinos Tsimikas ,2.5
Kornelius Normann Hansen ,
Kortney Hause ,41.24
Kristoffer Nordfeldt ,22.0
Krystian Bielik ,
Kurt Zouma ,50.75590551181102
Kyle Bartley ,26.914285714285715
Kyle Edwards ,6.8
Kyle Jameson ,
Kyle John ,
Kyle Naughton ,46.61538461538461
Kyle Scott ,
Kyle Taylor ,
Kyle Walker ,64.20472440944881
Kyle Walker-Peters ,41.15384615384615
Lamar Bogarde ,
Largie Ramazani ,
Lars Dendoncker ,
Lasse Sørensen ,54.0
Laurens De Bock ,
Laurent Depoitre ,13.5
Laurent Koscielny ,57.373333333333335
Layton Ndukwu ,
Layton Stewart ,
Lazar Markovic ,27.923076923076923
Leander Dendoncker ,33.85964912280702
Leandro Bacuna ,13.181818181818182
Leandro Rodríguez ,
Leandro Trossard ,25.87878787878788
Lee Camp ,
Lee Cattermole ,35.125
Lee Chung-Yong ,12.090909090909092
Lee Grant ,30.93548387096774
Lee Peltier ,16.958333333333332
Lee Tomlin ,
Leighton Baines ,35.4264705882353
Leighton Clarkson ,
Leo Ostigard ,
Leon Balogun ,27.0
Leon Britton ,41.142857142857146
Leon Clarke ,
Leon Osman ,
Leonardo Campana ,
Leonardo Ulloa ,12.233333333333333
Leroy Fer ,34.48148148148148
Leroy Sané ,29.288888888888888
Levi Lumeka ,7.0
Lewis Baker ,
Lewis Banks ,
Lewis Bate ,
Lewis Cass ,
Lewis Cook ,34.906666666666666
Lewis Dunk ,52.16783216783217
Lewis Grabban ,6.333333333333333
Lewis O'Brien ,
Lewis Richardson ,0.5
Liam Bridcutt ,
Liam Cooper ,66.0
Liam Delap ,6.0
Liam Feeney ,
Liam Hughes ,
Liam McCarron ,
Liam Millar ,
Liam Moore ,
Liam Rosenior ,21.666666666666668
Lloyd Dyer ,
Lloyd Humphries ,
Lloyd Isgrove ,
Lloyd Kelly ,25.125
Loris Karius ,27.20689655172414
Louie Barry ,
Lovre Kalinic ,
Loïc Damour ,5.5
Loïc Rémy ,9.0
Luca Ashby-Hammond ,
Luca de la Torre ,
Lucas Digne ,40.97
Lucas Leiva ,36.958333333333336
Lucas Moura ,21.145631067961165
Lucas Perri ,
Lucas Piazon ,
Lucas Pérez ,9.961538461538462
Lucas Torreira ,39.57142857142857
Luciano Narsingh ,10.225806451612904
Luciano Vietto ,19.3
Luis Alberto ,
Luis Antonio Valencia ,50.62162162162162
Luis Longstaff ,
Luka Milivojevic ,45.7
Lukas Jensen ,
Lukas Jutkiewicz ,3.5
Lukas Nmecha ,2.5
Lukas Rupp ,22.083333333333332
Lukasz Fabianski ,26.24277456647399
Luke Amos ,3.0
Luke Ayling ,62.6578947368421
Luke Bolton ,
Luke Coddington ,
Luke Croll ,
Luke Cundle ,
Luke Dreher ,3.0
Luke Freeman ,
Luke Garbutt ,
Luke Matheson ,
Luke Mbete ,
Luke McCormick ,
Luke McGee ,
Luke Shaw ,49.242990654205606
Lynden Gooch ,9.0
Lys Mousset ,6.353535353535354
Léo Bonatini ,8.142857142857142
M'Baye Niang ,25.3125
MJ Williams ,
Maarten Stekelenburg ,24.842105263157894
Mace Goodridge ,
Magnus Norman ,
Malachi Fagan-Walcott ,
Malang Sarr ,
Mamadou Dialla Sylla ,
Mamadou Sakho ,40.486111111111114
Mame Biram Diouf ,14.85483870967742
Manolo Gabbiadini ,9.03921568627451
Manu García ,
Manuel Lanzini ,38.69911504424779
Marc Albrighton ,25.213793103448275
Marc Bola ,
Marc Guehi ,
Marc Muniesa ,30.8
Marc Navarro ,11.5
Marc Pugh ,23.5609756097561
Marc Wilson ,
Marcel Franke ,
Marcel Lavinier ,
Marcelo Djaló ,
Marcin Bulka ,
Marcin Wasilewski ,23.0
Marco Amelia ,
Marco Stiepermann ,16.833333333333332
Marco van Ginkel ,
Marcos Alonso ,46.77777777777778
Marcos Rojo ,38.921052631578945
Marcus Bettinelli ,30.142857142857142
Marcus Browne ,
Marcus McGuane ,
Marcus Rashford ,23.30952380952381
Marek Rodák ,20.5
Mario Balotelli ,
Mario Lemina ,36.04054054054054
Mario Pasalic ,
Mario Suárez ,
Mario Vrancic ,22.6
Mark Birighitti ,
Mark Bunn ,
Mark Gillespie ,
Mark Hudson ,
Mark McGuinness ,
Mark Noble ,43.05555555555556
Mark Schwarzer ,
Mark Travers ,22.666666666666668
Mark Waddington ,
Marko Arnautovic ,24.01098901098901
Marko Grujic ,5.875
Markus Henriksen ,12.133333333333333
Markus Suttner ,31.285714285714285
Marlon Fossey ,
Marlos Moreno ,
Marouane Chamakh ,
Marouane Fellaini ,32.327586206896555
Martell Taylor-Crossdale ,
Marten de Roon ,40.06060606060606
Martin Cranie ,30.0
Martin Dubravka ,26.34090909090909
Martin Dúbravka ,28.53846153846154
Martin Kelly ,22.913793103448278
Martin Olsson ,32.15686274509804
Martin Samuelsen ,
Martin Skrtel ,
Martin Ødegaard ,35.42857142857143
Martín Cáceres ,50.0
Martín Demichelis ,
Martín Montoya ,35.80769230769231
Marvelous Nakamba ,25.404761904761905
Marvin Emnes ,
Marvin Zeegelaar ,35.166666666666664
Marçal ,23.153846153846153
Mason Barrett ,
Mason Bloomfield ,
Mason Greenwood ,16.323529411764707
Mason Holgate ,37.97849462365591
Mason Mount ,40.31506849315068
Massadio Haidara ,2.0
Mat Ryan ,29.0
Matej Kovar ,
Matej Vydra ,7.327868852459017
Mateo Kovacic ,56.644444444444446
Mateusz Bogusz ,
Mateusz Hewelt ,
Mateusz Klich ,41.91428571428571
Matheus Pereira ,28.484848484848484
Mathias Normann ,
Mathieu Debuchy ,10.0
Mathieu Flamini ,11.2
Matija Sarkic ,
Matt Butcher ,
Matt Doherty ,39.02197802197802
Matt Grimes ,
Matt Macey ,
Matt Miazga ,
Matt O'Riley ,
Matt Ritchie ,29.05607476635514
Matt Targett ,37.741573033707866
Matteo Darmian ,30.15625
Matteo Guendouzi ,48.24561403508772
Matthew Cash ,36.0
Matthew Clarke ,
Matthew Gilks ,
Matthew Kennedy ,
Matthew Longstaff ,28.142857142857142
Matthew Lowton ,32.02985074626866
Matthew Pennington ,24.333333333333332
Matthew Smith ,
Matthew Taylor ,
Matthew Worthington ,10.0
Mattias Kait ,
Matty James ,31.857142857142858
Matz Sels ,
Mauro Zárate ,22.333333333333332
Max Aarons ,37.19444444444444
Max Lowe ,21.5
Max Melbourne ,
Max Meyer ,18.782608695652176
Max Sanders ,
Max Stryjek ,
Max Thompson ,
Max-Alain Gradel ,4.909090909090909
Maxime Le Marchand ,52.535714285714285
Maximilian Kilman ,38.45454545454545
Maya Yoshida ,41.81944444444444
Mbaye Diagne ,14.6875
Mbwana Samatta ,12.285714285714286
Melvin Sitti ,
Memphis Depay ,3.5
Meritan Shabani ,
Mesut Özil ,58.148514851485146
Michael Agazzi ,
Michael Carrick ,54.48
Michael Collins ,
Michael Dawson ,29.818181818181817
Michael Duff ,
Michael Folivi ,3.0
Michael Hector ,46.5
Michael Hefele ,4.5
Michael Keane ,44.28048780487805
Michael Kightly ,5.6
Michael Ledger ,
Michael McGovern ,20.0
Michael Obafemi ,5.25
Michael Phillips ,
Michael Stensgaard ,
Michael Tait ,
Michael Verrips ,
Michail Antonio ,19.473684210526315
Michal Karbownik ,
Michal Zyro ,
Michel Vorm ,25.25
Michy Batshuayi ,7.584415584415584
Miguel Almirón ,24.0
Miguel Azeez ,
Miguel Britos ,35.04761904761905
Mihai-Alexandru Dobre ,
Mika ,
Mikael Mandron ,
Mikael Ndjoli ,
Mike van der Hoorn ,36.9375
Mikel Arteta ,
Mikel Merino ,33.833333333333336
Mile Jedinak ,68.0
Mitchell Clark ,
Mix Diskerud ,
Modou Barrow ,16.61111111111111
Moha ,
Mohamed Diamé ,25.816666666666666
Mohamed Elneny ,47.258620689655174
Mohamed Elyounoussi ,13.875
Mohamed Salah ,29.427586206896553
Mohammed Salisu ,30.0
Moise Kean ,4.225806451612903
Moisés Caicedo ,
Molla Wagué ,24.166666666666668
Morgan Boyes ,
Morgan Feeney ,
Morgan Gibbs-White ,14.045454545454545
Morgan Sanson ,15.333333333333334
Morgan Schneiderlin ,40.81578947368421
Moritz Bauer ,19.066666666666666
Moritz Jenz ,
Moritz Leitner ,62.55555555555556
Moses Makasi ,
Moses Odubajo ,
Mouez Hassen ,
Mousa Dembélé ,47.19117647058823
Moussa Djenepo ,13.8
Moussa Sissoko ,33.170212765957444
Muhamed Besic ,12.181818181818182
Mungo Bridge ,
Mustapha Carayol ,
Myles Peart-Harris ,
N'Golo Kanté ,57.044585987261144
Nabil Bentaleb ,33.833333333333336
Nabili Zoubdi Touaizi ,
Naby Keita ,39.13953488372093
Naby Keïta ,35.6
Nacer Chadli ,5.666666666666667
Nacho Monreal ,54.12359550561798
Nahki Wells ,1.7777777777777777
Nampalys Mendy ,33.23809523809524
Nathan ,
Nathan Aké ,44.496062992125985
Nathan Baxter ,
Nathan Bishop ,
Nathan Broadhead ,2.0
Nathan Dyer ,21.333333333333332
Nathan Ferguson ,
Nathan Harker ,
Nathan Holland ,5.5
Nathan Redmond ,28.610778443113773
Nathan Tella ,7.157894736842105
Nathan Trott ,
Nathanael Ogbeta ,
Nathaniel Chalobah ,17.8125
Nathaniel Clyne ,40.28169014084507
Nathaniel Mendez-Laing ,12.75
Nathaniel Phillips ,
Nathaniel Shio Hong Wan ,
Neal Maupay ,18.82857142857143
Neco Williams ,26.166666666666668
Neeskens Kebano ,5.416666666666667
Neil Etheridge ,30.105263157894736
Neil Taylor ,28.533333333333335
Nemanja Matic ,61.30714285714286
Niall Ennis ,
Niall Huggins ,17.0
Nick Pope ,28.047619047619047
Nick Powell ,
Nicolas Pépé ,22.25
Nicolás Otamendi ,73.55660377358491
Niels Nkounkou ,14.0
Nigel Lonwijk ,
Niki Mäenpää ,
Nikola Tavares ,
Nikola Vlasic ,16.916666666666668
Nnamdi Ofoborh ,
Nolito ,20.57894736842105
Noor Husin ,
Nordin Amrabat ,23.15625
Nsue ,39.0
Ntumba Massanka ,
Nya Kirby ,
Nélson Oliveira ,
Nélson Semedo ,46.088235294117645
Obbi Oularé ,
Odion Ighalo ,10.766666666666667
Okay Yokuslu ,33.125
Ola Aina ,43.470588235294116
Oladapo Afolayan ,
Olarenwaju Kayode ,
Oleksandr Zinchenko ,72.68852459016394
Oliver Burke ,9.8
Oliver Casey ,
Oliver McBurnie ,15.853333333333333
Oliver Norwood ,48.74285714285714
Oliver Shenton ,
Oliver Skipp ,12.066666666666666
Olivier Giroud ,12.691666666666666
Oliwer Zych ,
Ollie Harfield ,
Ollie Watkins ,21.72972972972973
Oludare Olufunwa ,
Olufela Olomola ,
Omar Bogle ,
Omar Elabdellaoui ,27.25
Ondrej Duda ,33.8
Onel Hernández ,11.961538461538462
Orestis Karnezis ,24.866666666666667
Oriol Romeu ,48.788079470198674
Oscar ,27.333333333333332
Oskar Buur ,14.0
Oumar Niasse ,11.283333333333333
Ovie Ejaria ,4.0
Owen Bailey ,
Owen Otasowie ,9.833333333333334
Ozan Kabak ,64.88888888888889
Pablo Fornals ,27.565217391304348
Pablo Hernández ,23.625
Pablo Maffeo ,
Pablo Marí ,60.75
Pablo Moreno ,
Pablo Zabaleta ,30.483870967741936
Paddy McCarthy ,
Panagiotis Retsos ,
Pape Souaré ,21.8
Papy Djilobodji ,38.55555555555556
Paris Maghoma ,
Pascal Groß ,34.507936507936506
Pascal Struijk ,48.0
Patrice Evra ,19.4
Patrick Bamford ,11.365384615384615
Patrick Cutrone ,4.357142857142857
Patrick McNair ,12.88888888888889
Patrick Roberts ,
Patrick van Aanholt ,38.51020408163265
Pau López ,
Paul Coutts ,
Paul Dummett ,30.181818181818183
Paul Gladon ,
Paul Glatzel ,
Paul Pogba ,62.19402985074627
Paul Robinson ,34.0
Paulo Alves ,
Paulo Gazzaniga ,26.045454545454547
Pedro ,27.61111111111111
Pedro Chirivella ,
Pedro Neto ,22.8
Pedro Obiang ,32.8955223880597
Pedro Pereira ,
Pedro Porro ,
Pepe Reina ,28.75
Per Mertesacker ,36.42857142857143
Percy Tau ,10.333333333333334
Peter Crouch ,18.09375
Peter Gwargis ,
Peter Keen ,
Peter Odemwingie ,
Petr Cech ,24.723684210526315
Phil Bardsley ,29.680555555555557
Phil Foden ,22.18840579710145
Phil Jagielka ,35.373333333333335
Phil Ofosu-Ayeh ,
Philip Billing ,33.753246753246756
Philip Heise ,
Philipp Wollscheid ,49.5
Philippe Coutinho ,46.48888888888889
Philippe Sandler ,
Pierre-Emerick Aubameyang ,21.49122807017544
Pierre-Emile Højbjerg ,57.755102040816325
Pontus Dahlberg ,
Pote ,
Prince Oniangué ,
Rabbi Matondo ,
Rachid Ghezzal ,22.210526315789473
Rafa Mir ,
Rafael Camacho ,0.0
Ragnar Klavan ,54.76923076923077
Raheem Sterling ,33.53125
Rajiv van La Parra ,19.42105263157895
Ralf Fährmann ,8.0
Ramadan Sobhi ,16.955555555555556
Ramiro Funes Mori ,31.40740740740741
Raphael Spiegel ,
Raphinha ,29.2
Rarmani Edmonds-Green ,
Ravel Morrison ,6.0
Rayan Aït-Nouri ,29.857142857142858
Rayhaan Tulloch ,
Raúl Jiménez ,27.86842105263158
Reda Khadra ,1.0
Reece Burke ,
Reece Hannam ,
Reece James ,48.42857142857143
Reece Oxford ,2.0
Reece Welch ,
Rees Greenwood ,
Regan Booty ,
Regan Poole ,
Regan Slater ,
Reiss Nelson ,13.772727272727273
Rekeem Harper ,7.333333333333333
Renat Dadashov ,
Renato Sanches ,31.583333333333332
Rene Gilmartin ,
Rhian Brewster ,7.666666666666667
Rhoys Wiggins ,
Rhys Healey ,2.3333333333333335
Rhys Norrington-Davies ,
Rhys Williams ,56.0
Ricardo Pereira ,45.743589743589745
Richairo Zivkovic ,3.6
Richard Nartey ,
Richard Stearman ,
Richard Towell ,
Richard Wright ,
Richarlison ,21.916083916083917
Rickie Lambert ,10.0
Ricky Holmes ,
Ritchie de Laet ,
Riyad Mahrez ,32.9559748427673
Rob Holding ,55.57971014492754
Rob Hunt ,
Robbie Brady ,17.296296296296298
Robbie Burton ,
Robbie Gotts ,
Robert Elliot ,30.6875
Robert Green ,
Robert Huth ,21.242424242424242
Robert Snodgrass ,25.41747572815534
Robert Sánchez ,36.44444444444444
Roberto Firmino ,35.85
Roberto Jiménez ,25.375
Roberto Pereyra ,26.69811320754717
Robin Koch ,45.23529411764706
Robin Olsen ,25.142857142857142
Rocky Bushiri Kisonga ,
Roderick Miranda ,
Rodri ,81.91176470588235
Rodrigo ,51.442622950819676
Rohan Ince ,
Rolando Aarons ,10.25
Romain Saïss ,48.0126582278481
Romaine Sawyers ,37.89473684210526
Romaric Yapi ,
Romelu Lukaku ,21.553398058252426
Ron-Robert Zieler ,29.88888888888889
Roque Mesa ,44.18181818181818
Rory Watson ,
Ross Barkley ,35.94642857142857
Ross McCormack ,
Rouwen Hennings ,
Ruben Loftus-Cheek ,24.08695652173913
Rubén Sobrino ,
Rudy Gestede ,13.625
Rui Fonte ,
Rui Patrício ,19.241071428571427
Rushian Marcus Amari Hepburn-Murphy ,
Russell Griffiths ,
Ryan Allsop ,26.0
Ryan Astley ,
Ryan Babel ,29.3125
Ryan Bennett ,27.0625
Ryan Bertrand ,40.4527027027027
Ryan Edmondson ,
Ryan Finnigan ,
Ryan Fraser ,26.905797101449274
Ryan Fredericks ,27.107142857142858
Ryan Giles ,
Ryan Hill ,
Ryan Inniss ,
Ryan Kent ,
Ryan Longman ,
Ryan Mason ,23.625
Ryan Schofield ,
Ryan Sessegnon ,20.634146341463413
Ryan Shawcross ,26.79032258064516
Ryan Sweeney ,
Rúben Dias ,84.78125
Rúben Neves ,54.51376146788991
Rúben Vinagre ,17.37142857142857
Rúnar Alex Rúnarsson ,9.0
Sadio Mané ,32.58024691358025
Saido Berahino ,8.21875
Salomón Rondón ,21.60377358490566
Sam Baldock ,3.5
Sam Byram ,28.875
Sam Clucas ,35.25757575757576
Sam Dalby ,
Sam Field ,14.047619047619047
Sam Gallagher ,1.5
Sam Graham ,
Sam Greenwood ,
Sam Hart ,
Sam Howes ,
Sam Hughes ,
Sam Johnstone ,29.945945945945947
Sam McCallum ,
Sam McQueen ,18.2
Sam Sherring ,
Sam Surridge ,2.3333333333333335
Sam Vokes ,13.045977011494253
Sam Woods ,
Samir Carruthers ,
Samir Nasri ,27.666666666666668
Samuel Sharrock-Peplow ,
Samuel Shashoua ,
Sander Berge ,27.724137931034484
Sandro Ramírez ,10.25
Santi Cazorla ,70.125
Santiago Vergini ,
Saul Shotton ,
Saïd Benrahma ,16.133333333333333
Scott Arfield ,19.877551020408163
Scott Banks ,
Scott Carson ,10.0
Scott Dann ,32.839506172839506
Scott Hogan ,
Scott Malone ,22.40909090909091
Scott McTominay ,35.08888888888889
Sead Haksabanovic ,
Sead Kolasinac ,41.03846153846154
Sean Goss ,
Sean Longstaff ,27.444444444444443
Sean Morrison ,21.676470588235293
Sean Raggett ,
Sean Scannell ,
Sebastian Larsson ,30.571428571428573
Sebastian Prödl ,29.5
Sebastián Coates ,
Semi Ajayi ,28.393939393939394
Sepp van den Berg ,
Serge Aurier ,40.493506493506494
Serge Gnabry ,
Sergi Canós ,
Sergio Agüero ,21.56
Sergio Reguilón ,44.44444444444444
Sergio Romero ,22.0
Shamal George ,
Shane Duffy ,36.30769230769231
Shane Flynn ,
Shani Tarashaj ,
Shaun Hobson ,
Shaun MacDonald ,
Shaun Maloney ,12.333333333333334
Shay Given ,26.4
Shayne Lavery ,
Shayon Harrison ,
Sheyi Ojo ,
Shilow Tracey ,
Shinji Okazaki ,11.76923076923077
Shkodran Mustafi ,58.3921568627451
Shola Shoretire ,3.0
Sidnei Tavares ,13.0
Siem de Jong ,
Sil Swinkels ,
Simon Francis ,45.265306122448976
Simon Mignolet ,27.74468085106383
Simon Moore ,
Simone Zaza ,13.125
Slobodan Tedic ,
Sofiane Boufal ,18.97142857142857
Sofiane Feghouli ,17.904761904761905
Sokratis ,54.90909090909091
Sokratis Papastathopoulos ,
Sol Bamba ,19.642857142857142
Solly March ,23.44144144144144
Son Heung-Min ,25.42603550295858
Soufyan Ahannach ,
Stefan Johansen ,20.833333333333332
Stefan O'Connor ,
Stefano Okaka ,11.055555555555555
Stephan Lichtsteiner ,34.285714285714285
Stephen Duke-McKenna ,
Stephen Henderson ,
Stephen Hendrie ,
Stephen Ireland ,16.5
Stephen Kingsley ,33.38461538461539
Stephen Ward ,31.83823529411765
Stephy Mavididi ,
Steve Cook ,44.00757575757576
Steve Harper ,
Steve Mandanda ,29.11111111111111
Steve Mounie ,18.305084745762713
Steve Sidwell ,
Steven Alzate ,30.58823529411765
Steven Berghuis ,
Steven Bergwijn ,18.857142857142858
Steven Davis ,42.76923076923077
Steven Defour ,35.01960784313726
Steven Fletcher ,
Steven Pienaar ,25.6
Steven Sessegnon ,
Stewart Downing ,31.433333333333334
Stuart Armstrong ,28.80952380952381
Stuart Dallas ,51.60526315789474
Stuart Findlay ,
Stuart O'Keefe ,
Stuart Taylor ,
Stéphane Sessegnon ,
Sullay Kaikai ,8.0
Sven Kums ,
Sylvain Boris Nabil Deslandes ,
Sylvain Distin ,
Sylvester Jasper ,
Séamus Coleman ,33.109243697478995
Sébastien Haller ,21.083333333333332
Sébastien Pocognoli ,
Tahith Chong ,5.8
Taiwo Awoniyi ,
Takumi Minamino ,17.0
Tammy Abraham ,10.482758620689655
Tanguy Ndombele ,33.407407407407405
Tareiq Holmes-Dennis ,
Tariq Lamptey ,27.6
Tashan Oakley-Boothe ,
Tawanda Maswanhise ,
Taye Ashby-Hammond ,
Taylor Gardner-Hickman ,
Taylor Harwood-Bellis ,
Taylor Jay-Hart ,
Taylor Perry ,
Taylor Richards ,
Tayo Edun ,
Teddy Jenks ,
Teden Mengi ,
Teemu Pukki ,14.694444444444445
Tendayi Darikwa ,
Terell Pennant ,
Terence Kongolo ,32.69565217391305
Thakgalo Leshabela ,7.0
Thanawat Suengchitthawon ,
Theo Corbeanu ,2.0
Theo Walcott ,16.62121212121212
Thiago ,71.66666666666667
Thiago Silva ,84.34782608695652
Thibaud Verlinden ,
Thibaut Courtois ,25.0
Thierry Small ,
Thomas Clayton ,
Thomas Edwards ,27.0
Thomas Hill ,
Thomas McGill ,
Thomas O'Connor ,
Thomas Partey ,47.5
Thomas Robson ,
Tiago Ilori ,
Tiemoué Bakayoko ,38.206896551724135
Tim Howard ,
Tim Iroegbunam ,
Tim Krul ,38.388888888888886
Tim Ream ,46.09090909090909
Timi Odusina ,
Timm Klose ,56.142857142857146
Timo Werner ,22.257142857142856
Timothy Castagne ,49.074074074074076
Timothy Eyoma ,
Timothy Fosu-Mensah ,29.0
Toby Alderweireld ,60.36764705882353
Todd Cantwell ,28.783783783783782
Tokelo Rantie ,
Tolaji Bola ,
Tom Anderson ,
Tom Beadling ,
Tom Cadman ,
Tom Cairney ,47.97560975609756
Tom Carroll ,40.72727272727273
Tom Cleverley ,32.65432098765432
Tom Davies ,27.316326530612244
Tom Dele-Bashiru ,
Tom Heaton ,29.346153846153847
Tom Huddlestone ,40.064516129032256
Tom Lawrence ,
Tom Trybull ,38.4375
Tomas Kalas ,
Tomas Rosicky ,
Tomas Soucek ,39.23529411764706
Tomer Hemed ,14.625
Tommie Hoban ,
Tommy Doyle ,20.0
Tommy Elphick ,
Tomás Mejías ,
Toni Correia Gomes ,
Toni Martínez ,
Tony Gallacher ,
Tony Hibbert ,
Tosin Adarabioyo ,57.72727272727273
Trent Alexander-Arnold ,58.883720930232556
Trevoh Chalobah ,
Troy Deeney ,23.352
Troy Parrott ,2.0
Trézéguet ,11.854545454545455
Tudor Baluta ,
Tyler Onyango ,
Tyler Smith ,
Tyreece John-Jules ,
Tyrell Warren ,
Tyrese Francois ,13.0
Tyrick Mitchell ,30.130434782608695
Tyrone Mings ,41.95294117647059
Ulrick Eneme Ella ,
Uwe Hünemeier ,4.0
Valentino Lazaro ,13.076923076923077
Valentino Livramento ,
Valon Behrami ,27.11111111111111
Vashon Neufville ,
Vicente Guaita ,25.043478260869566
Vicente Iborra ,37.18518518518518
Victor Anichebe ,20.333333333333332
Victor Lindelöf ,55.86486486486486
Victor Moses ,29.0
Victor Wanyama ,42.507246376811594
Viktor Fischer ,11.23076923076923
Viktor Gyökeres ,
Viktor Johansson ,
Vincent Janssen ,7.548387096774194
Vincent Kompany ,71.4
Virgil van Dijk ,73.3359375
Vitezslav Jaros ,
Vitinha ,17.36842105263158
Vito Mannone ,27.11111111111111
Vlad Dragomir ,
Vladimir Coufal ,37.61764705882353
Vontae Daley-Campbell ,
Vurnon Anita ,
Víctor Camarasa ,26.90909090909091
Víctor Valdés ,31.714285714285715
Wahbi Khazri ,15.142857142857142
Wanya Madavidua ,
Warren O'Hora ,
Wayne Hennessey ,26.558441558441558
Wayne Rooney ,34.660714285714285
Wayne Routledge ,17.166666666666668
Wes Foderingham ,
Wes Morgan ,28.50526315789474
Wesley ,15.458333333333334
Wesley Fofana ,60.285714285714285
Wesley Hoedt ,47.41463414634146
Wilfred Ndidi ,51.082191780821915
Wilfried Bony ,16.8
Wilfried Zaha ,25.018072289156628
Will Collar ,
Will Ferry ,
Will Hughes ,28.0
Will Miller ,
Will Norris ,18.666666666666668
Will Russ ,
William Dennis ,
William Fish ,0.0
William John Mannion ,
William Osula ,
William Saliba ,
William Smallbone ,23.25
Willian ,30.94478527607362
Willian José ,17.529411764705884
Willy Boly ,47.278481012658226
Willy Caballero ,25.142857142857142
Winston Reid ,34.93617021276596
Wojciech Szczesny ,
Xande Silva ,4.0
Xherdan Shaqiri ,27.441176470588236
Yan Valery ,18.0
Yanic Wildschut ,
Yann M'Vila ,
Yannick Bolasie ,3.3624161073825505
Yasin Ben El-Mhanni ,
Yasser Larouci ,
Yaya Sanogo ,
Yaya Touré ,63.25714285714286
Yerry Mina ,47.303030303030305
Yoan Gouffran ,
Yohan Benalouane ,17.916666666666668
Yohan Cabaye ,36.142857142857146
Yoshinori Muto ,5.8
Younes Kaboul ,31.08
Youri Tielemans ,55.71590909090909
Yves Bissouma ,35.104651162790695
Zachary Dearnley ,
Zack Steffen ,26.0
Zak Brunt ,
Zan-Luk Leban ,
Zanka ,44.096774193548384
Zech Medley ,
Zhang Yuning ,
Zlatan Ibrahimovic ,33.84848484848485
Álvaro Arbeloa ,34.666666666666664
Álvaro Morata ,17.127659574468087
Álvaro Negredo ,23.944444444444443
Çaglar Söyüncü ,62.22222222222222
Éder ,
Édouard Mendy ,29.0
Ørjan Nyland ,21.714285714285715
